tax_assessment_year,neighbourhood_name,distance_to_beach_km,age_at_assessment,is_strata,annual_precip_mm,annual_temp_c,price_cad
2023,Sunset,7.52,6,0,1048.0,10.3,2017000.0
2023,Renfrew-Collingwood,7.85,7,1,1048.0,10.3,888000.0
2023,Downtown,1.43,15,1,1048.0,10.3,1220000.0
2023,West Point Grey,1.05,11,1,1048.0,10.3,1504477.0
2023,West Point Grey,1.05,11,1,1048.0,10.3,675000.0
2023,West Point Grey,1.05,15,1,1048.0,10.3,810000.0
2023,Renfrew-Collingwood,7.85,7,1,1048.0,10.3,947000.0
2023,Renfrew-Collingwood,7.85,7,1,1048.0,10.3,628000.0
2023,Renfrew-Collingwood,7.85,7,1,1048.0,10.3,567000.0
2023,Riley Park,4.58,3,1,1048.0,10.3,1255000.0
2023,Riley Park,4.58,3,1,1048.0,10.3,1434000.0
2023,Kensington-Cedar Cottage,5.89,15,1,1048.0,10.3,687000.0
2023,Downtown,1.43,95,0,1048.0,10.3,366300.0
2023,Kensington-Cedar Cottage,5.89,91,0,1048.0,10.3,1569000.0
2023,Downtown,1.43,17,1,1048.0,10.3,483000.0
2023,Downtown,1.43,17,1,1048.0,10.3,921000.0
2023,Downtown,1.43,16,1,1048.0,10.3,1779000.0
2023,Arbutus Ridge,3.05,20,1,1048.0,10.3,1081000.0
2023,Arbutus Ridge,3.05,19,0,1048.0,10.3,3983000.0
2023,Arbutus Ridge,3.05,77,0,1048.0,10.3,2856000.0
2023,Arbutus Ridge,3.05,85,0,1048.0,10.3,3967200.0
2023,Arbutus Ridge,3.05,28,0,1048.0,10.3,4340000.0
2023,Arbutus Ridge,3.05,82,0,1048.0,10.3,3214800.0
2023,Arbutus Ridge,3.05,98,0,1048.0,10.3,3475000.0
2023,Hastings-Sunrise,6.96,12,0,1048.0,10.3,2392000.0
2023,Hastings-Sunrise,6.96,57,0,1048.0,10.3,1484100.0
2023,Hastings-Sunrise,6.96,68,0,1048.0,10.3,1442300.0
2023,Hastings-Sunrise,6.96,64,0,1048.0,10.3,1536900.0
2023,Hastings-Sunrise,6.96,111,0,1048.0,10.3,1560500.0
2023,Hastings-Sunrise,6.96,34,0,1048.0,10.3,1538000.0
2021,Renfrew-Collingwood,7.85,60,0,1140.4,10.6,1775300.0
2021,Dunbar-Southlands,3.76,30,0,1140.4,10.6,3077000.0
2023,West End,0.57,36,1,1048.0,10.3,608000.0
2023,West End,0.57,37,1,1048.0,10.3,671600.0
2023,West End,0.57,37,1,1048.0,10.3,816065.0
2023,Downtown,1.43,21,1,1048.0,10.3,4539000.0
2023,Downtown,1.43,23,1,1048.0,10.3,861000.0
2023,Downtown,1.43,23,1,1048.0,10.3,1725000.0
2023,Downtown,1.43,26,1,1048.0,10.3,1817000.0
2023,West End,0.57,43,1,1048.0,10.3,501800.0
2023,West End,0.57,41,1,1048.0,10.3,724000.0
2023,West End,0.57,27,1,1048.0,10.3,793000.0
2023,West End,0.57,27,1,1048.0,10.3,958000.0
2023,West End,0.57,35,1,1048.0,10.3,649000.0
2021,Fairview,1.75,31,1,1140.4,10.6,965000.0
2023,Downtown,1.43,15,1,1048.0,10.3,1340000.0
2023,Downtown,1.43,15,1,1048.0,10.3,806000.0
2023,Grandview-Woodland,5.05,10,1,1048.0,10.3,1313000.0
2023,Mount Pleasant,3.31,9,1,1048.0,10.3,799000.0
2023,Mount Pleasant,3.31,9,1,1048.0,10.3,1315000.0
2023,Mount Pleasant,3.31,9,1,1048.0,10.3,939000.0
2023,Mount Pleasant,3.31,10,1,1048.0,10.3,801000.0
2023,Mount Pleasant,3.31,10,1,1048.0,10.3,1321000.0
2023,West Point Grey,1.05,34,1,1048.0,10.3,1180000.0
2023,West Point Grey,1.05,76,0,1048.0,10.3,4244800.0
2023,West Point Grey,1.05,46,1,1048.0,10.3,637600.0
2023,West Point Grey,1.05,4,0,1048.0,10.3,3936000.0
2023,Arbutus Ridge,3.05,30,0,1048.0,10.3,4259000.0
2023,Arbutus Ridge,3.05,30,0,1048.0,10.3,3634000.0
2023,Arbutus Ridge,3.05,63,0,1048.0,10.3,2980000.0
2023,Hastings-Sunrise,6.96,40,0,1048.0,10.3,1518000.0
2023,Hastings-Sunrise,6.96,105,0,1048.0,10.3,1562000.0
2023,Hastings-Sunrise,6.96,70,0,1048.0,10.3,1577500.0
2023,Hastings-Sunrise,6.96,36,0,1048.0,10.3,1818000.0
2023,Hastings-Sunrise,6.96,65,0,1048.0,10.3,1748700.0
2023,Kitsilano,0.92,48,1,1048.0,10.3,747600.0
2023,Kitsilano,0.92,50,1,1048.0,10.3,777900.0
2023,Kitsilano,0.92,35,1,1048.0,10.3,2131000.0
2023,Kitsilano,0.92,61,0,1048.0,10.3,4187000.0
2023,Kitsilano,0.92,51,1,1048.0,10.3,577400.0
2023,Kitsilano,0.92,48,1,1048.0,10.3,738100.0
2023,Kitsilano,0.92,48,1,1048.0,10.3,832200.0
2023,Kitsilano,0.92,98,0,1048.0,10.3,2526000.0
2023,Downtown,1.43,27,1,1048.0,10.3,618000.0
2023,Downtown,1.43,66,1,1048.0,10.3,533000.0
2023,Downtown,1.43,21,1,1048.0,10.3,944000.0
2023,Downtown,1.43,32,1,1048.0,10.3,318600.0
2023,Downtown,1.43,18,1,1048.0,10.3,598000.0
2023,Downtown,1.43,25,1,1048.0,10.3,199500.0
2023,Downtown,1.43,25,1,1048.0,10.3,226700.0
2023,Downtown,1.43,66,1,1048.0,10.3,640000.0
2023,Downtown,1.43,21,1,1048.0,10.3,3107000.0
2023,West End,0.57,48,1,1048.0,10.3,574900.0
2023,Victoria-Fraserview,8.47,17,0,1048.0,10.3,1821000.0
2023,Grandview-Woodland,5.05,8,1,1048.0,10.3,674000.0
2023,West End,0.57,17,1,1048.0,10.3,899000.0
2023,Downtown,1.43,9,1,1048.0,10.3,2104000.0
2023,Downtown,1.43,15,1,1048.0,10.3,1310000.0
2023,Marpole,7.34,7,1,1048.0,10.3,530000.0
2023,Downtown,1.43,15,1,1048.0,10.3,1882000.0
2023,Downtown,1.43,15,1,1048.0,10.3,2340000.0
2023,Downtown,1.43,15,1,1048.0,10.3,1597000.0
2023,Downtown,1.43,15,1,1048.0,10.3,1569000.0
2023,Downtown,1.43,15,1,1048.0,10.3,686000.0
2023,Downtown,1.43,15,1,1048.0,10.3,2642000.0
2023,Marpole,7.34,7,1,1048.0,10.3,552000.0
2023,Arbutus Ridge,3.05,109,0,1048.0,10.3,4033000.0
2023,Kitsilano,0.92,21,1,1048.0,10.3,808000.0
2023,Kitsilano,0.92,18,1,1048.0,10.3,676000.0
2023,Kitsilano,0.92,28,1,1048.0,10.3,689000.0
2023,Kitsilano,0.92,32,1,1048.0,10.3,1039000.0
2023,Kitsilano,0.92,26,1,1048.0,10.3,738000.0
2023,Arbutus Ridge,3.05,33,0,1048.0,10.3,4073000.0
2023,Arbutus Ridge,3.05,25,1,1048.0,10.3,2245000.0
2023,Arbutus Ridge,3.05,95,0,1048.0,10.3,2458000.0
2023,Arbutus Ridge,3.05,43,1,1048.0,10.3,778453.0
2023,Arbutus Ridge,3.05,110,0,1048.0,10.3,3987000.0
2023,Arbutus Ridge,3.05,103,0,1048.0,10.3,2373000.0
2023,Downtown,1.43,17,1,1048.0,10.3,748000.0
2023,Downtown,1.43,17,1,1048.0,10.3,701000.0
2023,Downtown,1.43,17,1,1048.0,10.3,677000.0
2023,Downtown,1.43,17,1,1048.0,10.3,673000.0
2023,Downtown,1.43,12,1,1048.0,10.3,973000.0
2023,Marpole,7.34,4,1,1048.0,10.3,752000.0
2023,Kensington-Cedar Cottage,5.89,6,1,1048.0,10.3,1384000.0
2023,Mount Pleasant,3.31,5,1,1048.0,10.3,778000.0
2023,Kitsilano,0.92,36,1,1048.0,10.3,1548000.0
2023,West Point Grey,1.05,21,0,1048.0,10.3,3319000.0
2023,Kitsilano,0.92,95,0,1048.0,10.3,2496100.0
2023,Kitsilano,0.92,111,0,1048.0,10.3,1970500.0
2023,West Point Grey,1.05,9,0,1048.0,10.3,4335000.0
2023,Kitsilano,0.92,111,0,1048.0,10.3,1956700.0
2023,Kitsilano,0.92,111,0,1048.0,10.3,2080400.0
2023,Kitsilano,0.92,111,0,1048.0,10.3,2801000.0
2023,Kitsilano,0.92,25,1,1048.0,10.3,464900.0
2023,Kitsilano,0.92,25,1,1048.0,10.3,618887.0
2023,Kitsilano,0.92,99,0,1048.0,10.3,2351400.0
2023,Kitsilano,0.92,26,1,1048.0,10.3,707000.0
2021,West End,0.57,120,0,1140.4,10.6,1327000.0
2021,Arbutus Ridge,3.05,40,0,1140.4,10.6,2179000.0
2023,Kerrisdale,5.6,30,0,1048.0,10.3,4048000.0
2023,Kitsilano,0.92,26,1,1048.0,10.3,1407000.0
2023,Kitsilano,0.92,37,1,1048.0,10.3,1124000.0
2023,Kitsilano,0.92,23,1,1048.0,10.3,630000.0
2023,Kitsilano,0.92,96,0,1048.0,10.3,1913900.0
2023,Kitsilano,0.92,103,0,1048.0,10.3,2108100.0
2023,Kitsilano,0.92,25,1,1048.0,10.3,1045000.0
2023,Kerrisdale,5.6,36,0,1048.0,10.3,3822000.0
2023,Kerrisdale,5.6,18,0,1048.0,10.3,3782000.0
2023,Kerrisdale,5.6,74,0,1048.0,10.3,2830000.0
2023,Kerrisdale,5.6,88,0,1048.0,10.3,3474000.0
2023,Oakridge,5.77,30,0,1048.0,10.3,3733000.0
2023,Kerrisdale,5.6,77,0,1048.0,10.3,3117400.0
2023,Kitsilano,0.92,48,1,1048.0,10.3,950200.0
2023,Kitsilano,0.92,112,0,1048.0,10.3,2639000.0
2023,Kitsilano,0.92,33,1,1048.0,10.3,3600000.0
2023,Kitsilano,0.92,47,1,1048.0,10.3,3555000.0
2023,Kitsilano,0.92,43,1,1048.0,10.3,1316000.0
2021,Kensington-Cedar Cottage,5.89,4,0,1140.4,10.6,2203000.0
2021,Renfrew-Collingwood,7.85,25,0,1140.4,10.6,1920000.0
2023,Kerrisdale,5.6,34,0,1048.0,10.3,3630000.0
2023,Kerrisdale,5.6,22,0,1048.0,10.3,4411000.0
2023,Kitsilano,0.92,25,1,1048.0,10.3,872000.0
2023,Kitsilano,0.92,25,1,1048.0,10.3,1193000.0
2023,Kitsilano,0.92,23,1,1048.0,10.3,941000.0
2023,Kitsilano,0.92,98,0,1048.0,10.3,3964000.0
2023,Kitsilano,0.92,23,1,1048.0,10.3,887000.0
2023,Kitsilano,0.92,23,1,1048.0,10.3,1201000.0
2023,Kitsilano,0.92,43,1,1048.0,10.3,1373100.0
2023,Kitsilano,0.92,53,1,1048.0,10.3,660400.0
2023,Kitsilano,0.92,37,1,1048.0,10.3,2206566.0
2023,Kitsilano,0.92,37,1,1048.0,10.3,2058000.0
2023,Kitsilano,0.92,56,1,1048.0,10.3,745286.0
2023,Kitsilano,0.92,5,0,1048.0,10.3,3799000.0
2023,Kitsilano,0.92,56,1,1048.0,10.3,587400.0
2023,Kitsilano,0.92,41,1,1048.0,10.3,863300.0
2023,Kitsilano,0.92,41,1,1048.0,10.3,909000.0
2023,Kitsilano,0.92,28,1,1048.0,10.3,1152000.0
2023,Kitsilano,0.92,111,0,1048.0,10.3,3146000.0
2023,Kitsilano,0.92,38,1,1048.0,10.3,505200.0
2023,Kitsilano,0.92,29,1,1048.0,10.3,566000.0
2023,Kitsilano,0.92,52,1,1048.0,10.3,614100.0
2023,Kitsilano,0.92,26,1,1048.0,10.3,1491000.0
2023,Kitsilano,0.92,37,1,1048.0,10.3,1690000.0
2023,Kitsilano,0.92,41,1,1048.0,10.3,1454000.0
2023,Kitsilano,0.92,48,1,1048.0,10.3,734002.0
2023,Kitsilano,0.92,35,1,1048.0,10.3,1139000.0
2023,Kitsilano,0.92,10,0,1048.0,10.3,3905000.0
2023,Kitsilano,0.92,48,1,1048.0,10.3,1184206.0
2023,Kitsilano,0.92,24,1,1048.0,10.3,872000.0
2023,Kitsilano,0.92,45,1,1048.0,10.3,606700.0
2023,Kitsilano,0.92,24,1,1048.0,10.3,563200.0
2023,Kitsilano,0.92,29,1,1048.0,10.3,1026000.0
2023,Kitsilano,0.92,48,1,1048.0,10.3,1085200.0
2023,Kitsilano,0.92,35,1,1048.0,10.3,726000.0
2023,Kitsilano,0.92,36,1,1048.0,10.3,2496000.0
2023,Kitsilano,0.92,73,0,1048.0,10.3,2983200.0
2023,Kitsilano,0.92,112,0,1048.0,10.3,3186000.0
2023,Kitsilano,0.92,46,1,1048.0,10.3,668300.0
2023,Kerrisdale,5.6,72,0,1048.0,10.3,3471000.0
2023,Kerrisdale,5.6,77,0,1048.0,10.3,3779400.0
2023,Kerrisdale,5.6,35,1,1048.0,10.3,2346000.0
2023,Kerrisdale,5.6,54,0,1048.0,10.3,2887000.0
2023,Kerrisdale,5.6,31,0,1048.0,10.3,3685000.0
2023,Fairview,1.75,19,1,1048.0,10.3,1180241.0
2023,Kerrisdale,5.6,77,0,1048.0,10.3,2839500.0
2023,Kerrisdale,5.6,73,0,1048.0,10.3,2885500.0
2023,Kerrisdale,5.6,60,0,1048.0,10.3,2473000.0
2023,Kerrisdale,5.6,59,0,1048.0,10.3,3360000.0
2023,Kerrisdale,5.6,79,0,1048.0,10.3,1467500.0
2023,Kerrisdale,5.6,77,0,1048.0,10.3,2393000.0
2021,Kensington-Cedar Cottage,5.89,33,0,1140.4,10.6,1545000.0
2023,Downtown,1.43,12,1,1048.0,10.3,1191000.0
2023,Downtown,1.43,12,1,1048.0,10.3,1951000.0
2023,Downtown,1.43,8,1,1048.0,10.3,381000.0
2023,Mount Pleasant,3.31,17,1,1048.0,10.3,682000.0
2023,West End,0.57,16,1,1048.0,10.3,1749000.0
2023,Downtown,1.43,7,1,1048.0,10.3,747000.0
2023,Mount Pleasant,3.31,17,1,1048.0,10.3,879000.0
2023,Mount Pleasant,3.31,5,1,1048.0,10.3,2032000.0
2023,Kitsilano,0.92,13,1,1048.0,10.3,815000.0
2023,Mount Pleasant,3.31,10,1,1048.0,10.3,1141000.0
2023,Downtown,1.43,16,1,1048.0,10.3,806000.0
2023,Kerrisdale,5.6,5,1,1048.0,10.3,1893000.0
2023,Mount Pleasant,3.31,10,1,1048.0,10.3,787000.0
2023,West Point Grey,1.05,34,1,1048.0,10.3,828000.0
2023,West Point Grey,1.05,83,0,1048.0,10.3,4032400.0
2023,West Point Grey,1.05,46,1,1048.0,10.3,609200.0
2023,West Point Grey,1.05,46,1,1048.0,10.3,612900.0
2023,West Point Grey,1.05,51,1,1048.0,10.3,562697.0
2023,Riley Park,4.58,16,1,1048.0,10.3,1311000.0
2023,Killarney,10.0,5,1,1048.0,10.3,639000.0
2023,Killarney,10.0,5,1,1048.0,10.3,644000.0
2023,Killarney,10.0,5,1,1048.0,10.3,915000.0
2023,Downtown,1.43,18,1,1048.0,10.3,901000.0
2023,Renfrew-Collingwood,7.85,2,1,1048.0,10.3,1365000.0
2023,Mount Pleasant,3.31,6,1,1048.0,10.3,740000.0
2023,Kerrisdale,5.6,26,0,1048.0,10.3,4019000.0
2023,Fairview,1.75,30,1,1048.0,10.3,1117000.0
2023,Fairview,1.75,30,1,1048.0,10.3,613000.0
2023,Fairview,1.75,39,1,1048.0,10.3,1157000.0
2023,Fairview,1.75,40,1,1048.0,10.3,1044000.0
2023,Fairview,1.75,40,1,1048.0,10.3,1427000.0
2023,Fairview,1.75,41,1,1048.0,10.3,751000.0
2023,Fairview,1.75,34,1,1048.0,10.3,1299000.0
2023,Fairview,1.75,34,1,1048.0,10.3,669200.0
2023,Fairview,1.75,23,1,1048.0,10.3,35052.0
2023,Fairview,1.75,43,1,1048.0,10.3,1241000.0
2023,Fairview,1.75,43,1,1048.0,10.3,959500.0
2023,Fairview,1.75,34,1,1048.0,10.3,2447055.0
2023,Fairview,1.75,40,1,1048.0,10.3,4305996.0
2023,Fairview,1.75,39,1,1048.0,10.3,536000.0
2023,Fairview,1.75,47,1,1048.0,10.3,1097000.0
2023,Fairview,1.75,22,1,1048.0,10.3,30500.0
2023,Fairview,1.75,22,1,1048.0,10.3,30500.0
2023,Fairview,1.75,22,1,1048.0,10.3,788758.0
2023,Fairview,1.75,41,1,1048.0,10.3,811000.0
2023,Fairview,1.75,22,1,1048.0,10.3,1343000.0
2023,Fairview,1.75,25,0,1048.0,10.3,11000.0
2023,Fairview,1.75,23,1,1048.0,10.3,641000.0
2023,Dunbar-Southlands,3.76,94,0,1048.0,10.3,2802000.0
2023,Dunbar-Southlands,3.76,95,0,1048.0,10.3,3609000.0
2023,Dunbar-Southlands,3.76,96,0,1048.0,10.3,2892200.0
2023,Dunbar-Southlands,3.76,68,0,1048.0,10.3,3491000.0
2023,Dunbar-Southlands,3.76,93,0,1048.0,10.3,2608000.0
2023,Dunbar-Southlands,3.76,34,0,1048.0,10.3,3508000.0
2023,Dunbar-Southlands,3.76,35,0,1048.0,10.3,3486000.0
2023,Dunbar-Southlands,3.76,84,0,1048.0,10.3,3048600.0
2023,Dunbar-Southlands,3.76,93,0,1048.0,10.3,2537500.0
2023,Dunbar-Southlands,3.76,93,0,1048.0,10.3,1905100.0
2023,Dunbar-Southlands,3.76,97,0,1048.0,10.3,2496300.0
2023,West Point Grey,1.05,97,0,1048.0,10.3,4329000.0
2023,West Point Grey,1.05,83,0,1048.0,10.3,2763700.0
2023,West Point Grey,1.05,34,1,1048.0,10.3,1117000.0
2023,West Point Grey,1.05,42,0,1048.0,10.3,2763000.0
2023,West Point Grey,1.05,34,1,1048.0,10.3,793000.0
2023,West Point Grey,1.05,75,0,1048.0,10.3,2104300.0
2023,West Point Grey,1.05,38,1,1048.0,10.3,2164000.0
2023,West Point Grey,1.05,26,0,1048.0,10.3,3245000.0
2023,West Point Grey,1.05,28,1,1048.0,10.3,978940.0
2023,West Point Grey,1.05,68,0,1048.0,10.3,3831200.0
2023,Arbutus Ridge,3.05,19,0,1048.0,10.3,3944000.0
2023,Arbutus Ridge,3.05,27,0,1048.0,10.3,2843000.0
2023,Arbutus Ridge,3.05,23,1,1048.0,10.3,1008000.0
2023,Arbutus Ridge,3.05,101,0,1048.0,10.3,3121600.0
2023,Arbutus Ridge,3.05,44,1,1048.0,10.3,861200.0
2023,Arbutus Ridge,3.05,103,0,1048.0,10.3,3313400.0
2023,Kerrisdale,5.6,85,0,1048.0,10.3,4058000.0
2023,Kerrisdale,5.6,33,0,1048.0,10.3,3826000.0
2023,Fairview,1.75,33,1,1048.0,10.3,1296000.0
2023,Fairview,1.75,36,1,1048.0,10.3,1029000.0
2023,Fairview,1.75,31,1,1048.0,10.3,1258000.0
2023,Fairview,1.75,41,1,1048.0,10.3,908900.0
2023,Fairview,1.75,31,1,1048.0,10.3,1493000.0
2023,Fairview,1.75,25,1,1048.0,10.3,1163000.0
2023,Fairview,1.75,52,1,1048.0,10.3,104400.0
2023,Fairview,1.75,29,1,1048.0,10.3,777000.0
2023,Fairview,1.75,52,1,1048.0,10.3,106000.0
2023,Fairview,1.75,29,1,1048.0,10.3,783000.0
2023,Fairview,1.75,29,1,1048.0,10.3,1030000.0
2023,Downtown,1.43,21,1,1048.0,10.3,2142000.0
2023,Downtown,1.43,23,1,1048.0,10.3,125200.0
2023,Downtown,1.43,25,1,1048.0,10.3,394000.0
2023,Downtown,1.43,20,1,1048.0,10.3,655000.0
2023,Downtown,1.43,20,1,1048.0,10.3,1324000.0
2023,Downtown,1.43,66,1,1048.0,10.3,830000.0
2023,Downtown,1.43,28,1,1048.0,10.3,3590000.0
2023,Downtown,1.43,25,1,1048.0,10.3,235500.0
2023,Downtown,1.43,27,1,1048.0,10.3,289300.0
2023,Downtown,1.43,26,1,1048.0,10.3,551000.0
2023,Downtown,1.43,18,1,1048.0,10.3,831000.0
2023,Downtown,1.43,18,1,1048.0,10.3,903000.0
2023,Grandview-Woodland,5.05,39,1,1048.0,10.3,626169.0
2023,Grandview-Woodland,5.05,111,0,1048.0,10.3,1629000.0
2023,Grandview-Woodland,5.05,52,0,1048.0,10.3,1686200.0
2023,Grandview-Woodland,5.05,50,0,1048.0,10.3,1719000.0
2023,West End,0.57,41,1,1048.0,10.3,467000.0
2023,Downtown,1.43,29,1,1048.0,10.3,529000.0
2023,Downtown,1.43,26,1,1048.0,10.3,3500000.0
2023,West End,0.57,39,1,1048.0,10.3,501100.0
2023,Fairview,1.75,40,1,1048.0,10.3,1336000.0
2023,Fairview,1.75,41,1,1048.0,10.3,1381000.0
2023,Fairview,1.75,41,1,1048.0,10.3,1413716.0
2023,Fairview,1.75,18,1,1048.0,10.3,985000.0
2023,Fairview,1.75,32,1,1048.0,10.3,1142000.0
2023,Fairview,1.75,18,1,1048.0,10.3,1954000.0
2023,Kitsilano,0.92,97,0,1048.0,10.3,2750600.0
2023,Kitsilano,0.92,94,0,1048.0,10.3,2509600.0
2023,Kitsilano,0.92,111,0,1048.0,10.3,3272800.0
2023,Kitsilano,0.92,27,1,1048.0,10.3,1624000.0
2023,Kensington-Cedar Cottage,5.89,10,1,1048.0,10.3,1081000.0
2023,Mount Pleasant,3.31,6,1,1048.0,10.3,765000.0
2023,Killarney,10.0,5,1,1048.0,10.3,817000.0
2023,Arbutus Ridge,3.05,5,1,1048.0,10.3,1897000.0
2023,Killarney,10.0,5,1,1048.0,10.3,904000.0
2023,Killarney,10.0,5,1,1048.0,10.3,926000.0
2023,Mount Pleasant,3.31,6,1,1048.0,10.3,701000.0
2023,Mount Pleasant,3.31,6,1,1048.0,10.3,1010000.0
2023,West End,0.57,12,1,1048.0,10.3,3289386.0
2023,Renfrew-Collingwood,7.85,16,1,1048.0,10.3,722000.0
2023,Mount Pleasant,3.31,6,1,1048.0,10.3,685000.0
2023,Renfrew-Collingwood,7.85,16,1,1048.0,10.3,599000.0
2023,Renfrew-Collingwood,7.85,16,1,1048.0,10.3,602000.0
2023,Mount Pleasant,3.31,6,1,1048.0,10.3,1549000.0
2023,Downtown,1.43,18,1,1048.0,10.3,984000.0
2023,Downtown,1.43,14,1,1048.0,10.3,607000.0
2023,Mount Pleasant,3.31,6,1,1048.0,10.3,772000.0
2023,Oakridge,5.77,23,1,1048.0,10.3,1018000.0
2023,Oakridge,5.77,23,1,1048.0,10.3,858000.0
2023,Kerrisdale,5.6,39,0,1048.0,10.3,4028000.0
2023,Kerrisdale,5.6,64,0,1048.0,10.3,3420300.0
2023,Kerrisdale,5.6,34,0,1048.0,10.3,3666000.0
2023,Kerrisdale,5.6,76,0,1048.0,10.3,3585700.0
2023,Hastings-Sunrise,6.96,38,0,1048.0,10.3,1822000.0
2023,Hastings-Sunrise,6.96,26,0,1048.0,10.3,1974000.0
2023,Hastings-Sunrise,6.96,39,0,1048.0,10.3,1975000.0
2023,Hastings-Sunrise,6.96,37,0,1048.0,10.3,1903000.0
2023,Hastings-Sunrise,6.96,67,0,1048.0,10.3,1949500.0
2023,Hastings-Sunrise,6.96,28,0,1048.0,10.3,2271000.0
2023,Downtown,1.43,48,1,1048.0,10.3,253810.0
2023,Downtown,1.43,48,1,1048.0,10.3,253810.0
2023,Downtown,1.43,29,1,1048.0,10.3,325000.0
2023,Downtown,1.43,25,1,1048.0,10.3,504000.0
2023,Downtown,1.43,20,1,1048.0,10.3,1298000.0
2023,Downtown,1.43,48,1,1048.0,10.3,198428.0
2023,Downtown,1.43,23,1,1048.0,10.3,124500.0
2023,Downtown,1.43,24,1,1048.0,10.3,362000.0
2023,Kitsilano,0.92,113,1,1048.0,10.3,1296000.0
2023,Kitsilano,0.92,115,0,1048.0,10.3,1998000.0
2023,Kitsilano,0.92,98,0,1048.0,10.3,3023000.0
2023,Kitsilano,0.92,98,0,1048.0,10.3,2801600.0
2023,Kitsilano,0.92,66,0,1048.0,10.3,2683000.0
2023,Kitsilano,0.92,11,0,1048.0,10.3,3871000.0
2023,Kitsilano,0.92,19,1,1048.0,10.3,1426000.0
2023,Kitsilano,0.92,111,0,1048.0,10.3,3316000.0
2023,Kitsilano,0.92,91,0,1048.0,10.3,2613000.0
2023,Kitsilano,0.92,13,0,1048.0,10.3,3287000.0
2023,Kitsilano,0.92,94,0,1048.0,10.3,2521900.0
2023,Kitsilano,0.92,92,0,1048.0,10.3,2506800.0
2023,Kitsilano,0.92,31,0,1048.0,10.3,3229000.0
2023,Kitsilano,0.92,42,0,1048.0,10.3,2566000.0
2023,Kitsilano,0.92,8,0,1048.0,10.3,3592000.0
2023,Kitsilano,0.92,25,1,1048.0,10.3,1188000.0
2023,Kitsilano,0.92,87,0,1048.0,10.3,2575500.0
2023,Dunbar-Southlands,3.76,23,1,1048.0,10.3,541000.0
2023,Dunbar-Southlands,3.76,86,0,1048.0,10.3,3181000.0
2023,Dunbar-Southlands,3.76,103,0,1048.0,10.3,2494000.0
2023,Mount Pleasant,3.31,7,1,1048.0,10.3,631000.0
2023,Arbutus Ridge,3.05,11,1,1048.0,10.3,512055.0
2023,Fairview,1.75,17,1,1048.0,10.3,1027000.0
2023,Oakridge,5.77,4,1,1048.0,10.3,1261000.0
2023,Kitsilano,0.92,9,1,1048.0,10.3,1343771.0
2023,Renfrew-Collingwood,7.85,4,1,1048.0,10.3,1230000.0
2023,Fairview,1.75,10,1,1048.0,10.3,451000.0
2023,Kitsilano,0.92,2,1,1048.0,10.3,1717000.0
2023,Downtown,1.43,17,1,1048.0,10.3,1500000.0
2023,Mount Pleasant,3.31,10,1,1048.0,10.3,765000.0
2023,Riley Park,4.58,9,1,1048.0,10.3,1107000.0
2023,Mount Pleasant,3.31,10,1,1048.0,10.3,665000.0
2023,Grandview-Woodland,5.05,9,1,1048.0,10.3,1168000.0
2023,Mount Pleasant,3.31,9,1,1048.0,10.3,782000.0
2023,Mount Pleasant,3.31,10,1,1048.0,10.3,1004000.0
2023,Mount Pleasant,3.31,10,1,1048.0,10.3,807000.0
2023,Mount Pleasant,3.31,9,1,1048.0,10.3,785000.0
2023,Kitsilano,0.92,11,1,1048.0,10.3,1172000.0
2023,Downtown,1.43,17,1,1048.0,10.3,1280000.0
2021,Fairview,1.75,34,1,1140.4,10.6,615000.0
2021,Kensington-Cedar Cottage,5.89,72,0,1140.4,10.6,1343900.0
2021,Hastings-Sunrise,6.96,15,0,1140.4,10.6,1727000.0
2021,Downtown,1.43,24,1,1140.4,10.6,1059000.0
2021,Fairview,1.75,34,1,1140.4,10.6,973000.0
2021,Sunset,7.52,40,0,1140.4,10.6,1278000.0
2023,West Point Grey,1.05,102,0,1048.0,10.3,3361600.0
2023,West Point Grey,1.05,24,1,1048.0,10.3,1058626.0
2023,West Point Grey,1.05,86,0,1048.0,10.3,4142000.0
2023,West Point Grey,1.05,43,1,1048.0,10.3,547800.0
2023,West Point Grey,1.05,32,0,1048.0,10.3,2655000.0
2023,West Point Grey,1.05,45,0,1048.0,10.3,3008000.0
2023,West Point Grey,1.05,39,1,1048.0,10.3,1154925.0
2023,Kitsilano,0.92,94,0,1048.0,10.3,2591000.0
2023,Kitsilano,0.92,111,1,1048.0,10.3,1049800.0
2023,Kitsilano,0.92,13,0,1048.0,10.3,3422000.0
2023,Dunbar-Southlands,3.76,92,0,1048.0,10.3,2685000.0
2023,Dunbar-Southlands,3.76,15,0,1048.0,10.3,3331000.0
2023,Dunbar-Southlands,3.76,17,0,1048.0,10.3,3119000.0
2023,Dunbar-Southlands,3.76,53,0,1048.0,10.3,2618000.0
2023,Dunbar-Southlands,3.76,89,0,1048.0,10.3,2468300.0
2023,Dunbar-Southlands,3.76,95,0,1048.0,10.3,2616000.0
2023,Grandview-Woodland,5.05,14,1,1048.0,10.3,1450000.0
2023,Downtown,1.43,17,1,1048.0,10.3,1806000.0
2023,Mount Pleasant,3.31,10,1,1048.0,10.3,893000.0
2023,Downtown,1.43,14,1,1048.0,10.3,2805000.0
2023,Sunset,7.52,6,1,1048.0,10.3,536300.0
2023,West Point Grey,1.05,34,0,1048.0,10.3,2765000.0
2023,West Point Grey,1.05,111,0,1048.0,10.3,2565100.0
2023,West Point Grey,1.05,98,0,1048.0,10.3,2667000.0
2023,Kitsilano,0.92,96,0,1048.0,10.3,2457900.0
2023,West Point Grey,1.05,25,0,1048.0,10.3,3406000.0
2023,West Point Grey,1.05,95,0,1048.0,10.3,2617100.0
2023,Kitsilano,0.92,22,1,1048.0,10.3,807000.0
2023,West Point Grey,1.05,6,0,1048.0,10.3,3684000.0
2023,Kitsilano,0.92,38,1,1048.0,10.3,1287923.0
2023,Arbutus Ridge,3.05,50,1,1048.0,10.3,902000.0
2023,Arbutus Ridge,3.05,20,1,1048.0,10.3,1699000.0
2023,Arbutus Ridge,3.05,34,0,1048.0,10.3,3094000.0
2023,Arbutus Ridge,3.05,46,1,1048.0,10.3,1801000.0
2023,Arbutus Ridge,3.05,46,1,1048.0,10.3,1780000.0
2023,Arbutus Ridge,3.05,35,0,1048.0,10.3,2663000.0
2023,Arbutus Ridge,3.05,22,1,1048.0,10.3,882000.0
2023,West Point Grey,1.05,34,1,1048.0,10.3,808000.0
2023,West Point Grey,1.05,34,1,1048.0,10.3,1264000.0
2023,West Point Grey,1.05,34,1,1048.0,10.3,1224000.0
2023,West Point Grey,1.05,34,1,1048.0,10.3,1464000.0
2023,West Point Grey,1.05,76,0,1048.0,10.3,2900600.0
2023,West Point Grey,1.05,73,0,1048.0,10.3,3487600.0
2023,Arbutus Ridge,3.05,62,0,1048.0,10.3,3578900.0
2023,Arbutus Ridge,3.05,46,1,1048.0,10.3,1499400.0
2023,Arbutus Ridge,3.05,32,0,1048.0,10.3,4146000.0
2023,Arbutus Ridge,3.05,17,0,1048.0,10.3,4519000.0
2023,Arbutus Ridge,3.05,4,0,1048.0,10.3,4050000.0
2023,Arbutus Ridge,3.05,82,0,1048.0,10.3,3144300.0
2023,Arbutus Ridge,3.05,13,0,1048.0,10.3,4463000.0
2023,Mount Pleasant,3.31,122,0,1048.0,10.3,1759000.0
2023,Mount Pleasant,3.31,26,1,1048.0,10.3,565000.0
2023,Mount Pleasant,3.31,26,1,1048.0,10.3,317000.0
2023,Mount Pleasant,3.31,68,0,1048.0,10.3,2585600.0
2023,Mount Pleasant,3.31,113,0,1048.0,10.3,2311000.0
2023,Marpole,7.34,52,0,1048.0,10.3,3843400.0
2023,Mount Pleasant,3.31,26,1,1048.0,10.3,300000.0
2023,Marpole,7.34,46,1,1048.0,10.3,479400.0
2023,West Point Grey,1.05,11,1,1048.0,10.3,929000.0
2023,Renfrew-Collingwood,7.85,5,1,1048.0,10.3,996000.0
2023,Kensington-Cedar Cottage,5.89,15,1,1048.0,10.3,721000.0
2023,West Point Grey,1.05,15,1,1048.0,10.3,948000.0
2023,Kensington-Cedar Cottage,5.89,15,1,1048.0,10.3,717000.0
2023,Mount Pleasant,3.31,41,1,1048.0,10.3,820000.0
2023,Mount Pleasant,3.31,45,1,1048.0,10.3,683400.0
2023,Mount Pleasant,3.31,45,1,1048.0,10.3,703938.0
2023,Mount Pleasant,3.31,45,1,1048.0,10.3,526200.0
2023,Mount Pleasant,3.31,46,1,1048.0,10.3,683400.0
2023,Mount Pleasant,3.31,46,1,1048.0,10.3,592700.0
2023,Mount Pleasant,3.31,49,1,1048.0,10.3,678900.0
2023,Mount Pleasant,3.31,48,1,1048.0,10.3,812000.0
2023,Mount Pleasant,3.31,38,1,1048.0,10.3,425900.0
2023,West Point Grey,1.05,31,0,1048.0,10.3,2795000.0
2023,West Point Grey,1.05,46,1,1048.0,10.3,541700.0
2023,Downtown,1.43,14,1,1048.0,10.3,663000.0
2023,Downtown,1.43,14,1,1048.0,10.3,522000.0
2023,Downtown,1.43,14,1,1048.0,10.3,798000.0
2023,Sunset,7.52,2,1,1048.0,10.3,882000.0
2023,Sunset,7.52,2,1,1048.0,10.3,1693000.0
2023,Downtown,1.43,14,1,1048.0,10.3,932000.0
2023,Kitsilano,0.92,27,1,1048.0,10.3,754000.0
2023,Kitsilano,0.92,111,0,1048.0,10.3,3270000.0
2023,Kitsilano,0.92,34,1,1048.0,10.3,1203000.0
2023,Kitsilano,0.92,42,1,1048.0,10.3,1998000.0
2023,Kitsilano,0.92,47,1,1048.0,10.3,682900.0
2023,Kitsilano,0.92,51,1,1048.0,10.3,585500.0
2023,Kitsilano,0.92,45,1,1048.0,10.3,577300.0
2023,Kerrisdale,5.6,75,0,1048.0,10.3,2541200.0
2023,Kerrisdale,5.6,28,0,1048.0,10.3,4143000.0
2023,Oakridge,5.77,25,1,1048.0,10.3,1405318.0
2023,Oakridge,5.77,24,1,1048.0,10.3,1611614.0
2023,Oakridge,5.77,24,1,1048.0,10.3,1522000.0
2023,Oakridge,5.77,38,1,1048.0,10.3,1008683.0
2023,Oakridge,5.77,2,0,1048.0,10.3,4338000.0
2023,Oakridge,5.77,65,0,1048.0,10.3,3336500.0
2023,Oakridge,5.77,61,0,1048.0,10.3,3994000.0
2023,Hastings-Sunrise,6.96,22,0,1048.0,10.3,2106000.0
2023,Hastings-Sunrise,6.96,111,0,1048.0,10.3,1977000.0
2023,Hastings-Sunrise,6.96,46,0,1048.0,10.3,1812000.0
2023,Hastings-Sunrise,6.96,8,0,1048.0,10.3,2267000.0
2023,Hastings-Sunrise,6.96,52,0,1048.0,10.3,1849000.0
2023,Hastings-Sunrise,6.96,93,0,1048.0,10.3,1887600.0
2023,Downtown,1.43,24,1,1048.0,10.3,411900.0
2023,Downtown,1.43,18,1,1048.0,10.3,729000.0
2023,Downtown,1.43,29,1,1048.0,10.3,147200.0
2023,Downtown,1.43,42,1,1048.0,10.3,626000.0
2023,Downtown,1.43,23,1,1048.0,10.3,1433000.0
2023,Downtown,1.43,24,1,1048.0,10.3,2681000.0
2023,West End,0.57,24,1,1048.0,10.3,615000.0
2023,West End,0.57,43,1,1048.0,10.3,505000.0
2023,Downtown,1.43,19,1,1048.0,10.3,3559000.0
2023,Renfrew-Collingwood,7.85,7,1,1048.0,10.3,529000.0
2023,Downtown,1.43,15,1,1048.0,10.3,673000.0
2023,Downtown,1.43,17,1,1048.0,10.3,623000.0
2023,Grandview-Woodland,5.05,10,1,1048.0,10.3,1362000.0
2023,Killarney,10.0,8,1,1048.0,10.3,735142.0
2023,Killarney,10.0,8,1,1048.0,10.3,903826.0
2023,Downtown,1.43,14,1,1048.0,10.3,1057000.0
2023,Downtown,1.43,14,1,1048.0,10.3,592000.0
2023,Downtown,1.43,14,1,1048.0,10.3,743000.0
2023,Mount Pleasant,3.31,16,1,1048.0,10.3,1162000.0
2023,Downtown,1.43,14,1,1048.0,10.3,596000.0
2023,Fairview,1.75,9,1,1048.0,10.3,4057295.0
2023,Mount Pleasant,3.31,11,1,1048.0,10.3,676000.0
2023,Downtown,1.43,14,1,1048.0,10.3,609000.0
2023,Renfrew-Collingwood,7.85,2,1,1048.0,10.3,1094000.0
2023,Kitsilano,0.92,19,1,1048.0,10.3,3596000.0
2023,Kitsilano,0.92,92,0,1048.0,10.3,2809155.0
2023,Kitsilano,0.92,29,1,1048.0,10.3,1900000.0
2023,Kitsilano,0.92,85,0,1048.0,10.3,3055700.0
2023,Kitsilano,0.92,48,1,1048.0,10.3,793100.0
2023,Kitsilano,0.92,98,0,1048.0,10.3,3257000.0
2023,Kitsilano,0.92,47,1,1048.0,10.3,590900.0
2023,Dunbar-Southlands,3.76,48,0,1048.0,10.3,3418000.0
2023,Dunbar-Southlands,3.76,33,0,1048.0,10.3,2683000.0
2023,Dunbar-Southlands,3.76,92,0,1048.0,10.3,3739000.0
2023,Dunbar-Southlands,3.76,42,0,1048.0,10.3,3050000.0
2023,Dunbar-Southlands,3.76,108,0,1048.0,10.3,3330500.0
2023,Dunbar-Southlands,3.76,71,0,1048.0,10.3,3779300.0
2023,Dunbar-Southlands,3.76,97,0,1048.0,10.3,2654000.0
2023,Kerrisdale,5.6,61,0,1048.0,10.3,3489000.0
2023,Kerrisdale,5.6,49,0,1048.0,10.3,3464000.0
2023,Kerrisdale,5.6,26,0,1048.0,10.3,4341000.0
2023,Kerrisdale,5.6,77,0,1048.0,10.3,3439800.0
2023,Kerrisdale,5.6,86,0,1048.0,10.3,3872000.0
2023,Kerrisdale,5.6,73,0,1048.0,10.3,3095000.0
2023,Kerrisdale,5.6,43,0,1048.0,10.3,4205000.0
2023,Fairview,1.75,52,1,1048.0,10.3,236500.0
2023,Fairview,1.75,26,1,1048.0,10.3,818000.0
2023,Fairview,1.75,65,0,1048.0,10.3,4536000.0
2023,Fairview,1.75,41,1,1048.0,10.3,910000.0
2023,Fairview,1.75,43,1,1048.0,10.3,750300.0
2023,Fairview,1.75,34,1,1048.0,10.3,621000.0
2023,West Point Grey,1.05,113,0,1048.0,10.3,1841000.0
2023,Downtown,1.43,16,1,1048.0,10.3,1094000.0
2023,West Point Grey,1.05,95,0,1048.0,10.3,4089000.0
2023,West Point Grey,1.05,30,0,1048.0,10.3,3178000.0
2023,West Point Grey,1.05,46,1,1048.0,10.3,609700.0
2023,West Point Grey,1.05,88,0,1048.0,10.3,2610000.0
2023,West Point Grey,1.05,46,1,1048.0,10.3,610300.0
2023,West End,0.57,10,1,1048.0,10.3,885000.0
2023,West End,0.57,10,1,1048.0,10.3,1675000.0
2023,Downtown,1.43,10,1,1048.0,10.3,945000.0
2023,Downtown,1.43,14,1,1048.0,10.3,1000000.0
2023,Downtown,1.43,14,1,1048.0,10.3,1101000.0
2023,Downtown,1.43,10,1,1048.0,10.3,978000.0
2023,West End,0.57,10,1,1048.0,10.3,1883000.0
2023,Marpole,7.34,10,1,1048.0,10.3,1608000.0
2023,Downtown,1.43,14,1,1048.0,10.3,682000.0
2023,Kensington-Cedar Cottage,5.89,10,1,1048.0,10.3,666000.0
2023,Downtown,1.43,15,1,1048.0,10.3,708000.0
2023,Mount Pleasant,3.31,4,1,1048.0,10.3,726000.0
2023,Mount Pleasant,3.31,4,1,1048.0,10.3,1113000.0
2023,Downtown,1.43,16,1,1048.0,10.3,650000.0
2023,Mount Pleasant,3.31,4,1,1048.0,10.3,759000.0
2023,Grandview-Woodland,5.05,101,0,1048.0,10.3,1892000.0
2023,Grandview-Woodland,5.05,40,1,1048.0,10.3,560700.0
2023,Grandview-Woodland,5.05,50,1,1048.0,10.3,459500.0
2023,Grandview-Woodland,5.05,115,0,1048.0,10.3,1718500.0
2023,Grandview-Woodland,5.05,99,0,1048.0,10.3,2173200.0
2023,Grandview-Woodland,5.05,21,1,1048.0,10.3,1648000.0
2023,Grandview-Woodland,5.05,42,1,1048.0,10.3,502700.0
2021,Kensington-Cedar Cottage,5.89,30,0,1140.4,10.6,1551000.0
2023,Marpole,7.34,15,0,1048.0,10.3,2373000.0
2023,Mount Pleasant,3.31,4,1,1048.0,10.3,851000.0
2023,Renfrew-Collingwood,7.85,4,1,1048.0,10.3,1049000.0
2023,Mount Pleasant,3.31,4,1,1048.0,10.3,1193000.0
2023,Mount Pleasant,3.31,4,1,1048.0,10.3,1243000.0
2023,Downtown,1.43,16,1,1048.0,10.3,933000.0
2023,Downtown,1.43,16,1,1048.0,10.3,916000.0
2023,Mount Pleasant,3.31,38,1,1048.0,10.3,582600.0
2023,Mount Pleasant,3.31,30,1,1048.0,10.3,741000.0
2023,Mount Pleasant,3.31,112,0,1048.0,10.3,1969000.0
2023,Mount Pleasant,3.31,101,0,1048.0,10.3,1882400.0
2023,Mount Pleasant,3.31,29,1,1048.0,10.3,932000.0
2023,Mount Pleasant,3.31,29,1,1048.0,10.3,1154000.0
2023,Mount Pleasant,3.31,113,1,1048.0,10.3,1213000.0
2023,Mount Pleasant,3.31,22,1,1048.0,10.3,1441000.0
2023,Mount Pleasant,3.31,97,0,1048.0,10.3,2322400.0
2023,Mount Pleasant,3.31,50,1,1048.0,10.3,509200.0
2023,Mount Pleasant,3.31,67,0,1048.0,10.3,1881200.0
2023,Mount Pleasant,3.31,40,1,1048.0,10.3,492000.0
2023,Mount Pleasant,3.31,111,0,1048.0,10.3,1958000.0
2023,Mount Pleasant,3.31,115,0,1048.0,10.3,2256000.0
2023,Mount Pleasant,3.31,23,1,1048.0,10.3,940000.0
2023,Kitsilano,0.92,97,0,1048.0,10.3,2923800.0
2023,Kitsilano,0.92,96,0,1048.0,10.3,2566000.0
2023,Kitsilano,0.92,32,1,1048.0,10.3,1112000.0
2023,Kitsilano,0.92,43,1,1048.0,10.3,564000.0
2023,Kitsilano,0.92,99,1,1048.0,10.3,1785005.0
2023,Kitsilano,0.92,26,1,1048.0,10.3,1487000.0
2023,Kitsilano,0.92,95,0,1048.0,10.3,2936600.0
2023,Kitsilano,0.92,40,1,1048.0,10.3,478500.0
2023,Kitsilano,0.92,113,0,1048.0,10.3,2439000.0
2023,Kitsilano,0.92,35,1,1048.0,10.3,656800.0
2023,Kitsilano,0.92,38,1,1048.0,10.3,714700.0
2023,Kitsilano,0.92,25,1,1048.0,10.3,1521000.0
2021,Fairview,1.75,27,1,1140.4,10.6,995000.0
2021,Renfrew-Collingwood,7.85,21,1,1140.4,10.6,317000.0
2021,Hastings-Sunrise,6.96,92,0,1140.4,10.6,1363000.0
2021,Oakridge,5.77,28,0,1140.4,10.6,2700000.0
2021,Hastings-Sunrise,6.96,95,0,1140.4,10.6,1307800.0
2023,Fairview,1.75,15,1,1048.0,10.3,1046000.0
2023,Downtown,1.43,16,1,1048.0,10.3,540000.0
2023,Downtown,1.43,16,1,1048.0,10.3,871000.0
2023,Downtown,1.43,16,1,1048.0,10.3,1119000.0
2023,Kensington-Cedar Cottage,5.89,12,1,1048.0,10.3,856000.0
2023,Renfrew-Collingwood,7.85,7,1,1048.0,10.3,532000.0
2023,Renfrew-Collingwood,7.85,7,1,1048.0,10.3,790000.0
2023,Mount Pleasant,3.31,15,1,1048.0,10.3,852000.0
2023,West Point Grey,1.05,15,1,1048.0,10.3,1116381.0
2023,Arbutus Ridge,3.05,8,1,1048.0,10.3,1530691.0
2023,West Point Grey,1.05,46,1,1048.0,10.3,519300.0
2023,West Point Grey,1.05,63,0,1048.0,10.3,3060800.0
2023,West Point Grey,1.05,99,0,1048.0,10.3,3454300.0
2023,Kitsilano,0.92,98,0,1048.0,10.3,2083400.0
2023,West Point Grey,1.05,25,0,1048.0,10.3,3033000.0
2023,Kitsilano,0.92,20,1,1048.0,10.3,3095961.0
2023,Kitsilano,0.92,111,0,1048.0,10.3,2378000.0
2023,Kitsilano,0.92,32,1,1048.0,10.3,661700.0
2023,Kitsilano,0.92,23,1,1048.0,10.3,1104000.0
2023,Kitsilano,0.92,23,1,1048.0,10.3,666000.0
2023,Kitsilano,0.92,23,1,1048.0,10.3,860000.0
2023,Oakridge,5.77,23,1,1048.0,10.3,631000.0
2023,Oakridge,5.77,18,1,1048.0,10.3,1503000.0
2023,Oakridge,5.77,23,1,1048.0,10.3,1019000.0
2023,Oakridge,5.77,38,0,1048.0,10.3,2867000.0
2023,Oakridge,5.77,28,0,1048.0,10.3,2031000.0
2023,Oakridge,5.77,18,1,1048.0,10.3,1574000.0
2023,Oakridge,5.77,58,0,1048.0,10.3,3437000.0
2023,Oakridge,5.77,44,1,1048.0,10.3,2742000.0
2023,Oakridge,5.77,29,1,1048.0,10.3,961000.0
2023,Marpole,7.34,82,0,1048.0,10.3,2652000.0
2023,Kitsilano,0.92,95,0,1048.0,10.3,1927900.0
2023,Kitsilano,0.92,23,1,1048.0,10.3,1253000.0
2023,Kitsilano,0.92,81,0,1048.0,10.3,2246400.0
2023,Kitsilano,0.92,25,1,1048.0,10.3,1726000.0
2023,Hastings-Sunrise,6.96,75,0,1048.0,10.3,2090600.0
2023,Hastings-Sunrise,6.96,55,0,1048.0,10.3,1998500.0
2023,Hastings-Sunrise,6.96,44,0,1048.0,10.3,1766000.0
2023,Hastings-Sunrise,6.96,29,0,1048.0,10.3,1929000.0
2023,Hastings-Sunrise,6.96,34,0,1048.0,10.3,2069000.0
2023,Hastings-Sunrise,6.96,78,0,1048.0,10.3,2055100.0
2023,Hastings-Sunrise,6.96,12,0,1048.0,10.3,2429000.0
2023,West Point Grey,1.05,28,0,1048.0,10.3,3119000.0
2021,Victoria-Fraserview,8.47,28,0,1140.4,10.6,1676000.0
2021,Kitsilano,0.92,25,1,1140.4,10.6,605000.0
2021,Fairview,1.75,33,1,1140.4,10.6,666000.0
2021,Downtown,1.43,21,1,1140.4,10.6,823000.0
2021,Kensington-Cedar Cottage,5.89,6,0,1140.4,10.6,2398000.0
2023,Arbutus Ridge,3.05,8,1,1048.0,10.3,1644667.0
2023,Downtown,1.43,9,1,1048.0,10.3,560000.0
2023,Fairview,1.75,11,1,1048.0,10.3,2245000.0
2023,Oakridge,5.77,35,0,1048.0,10.3,3155000.0
2023,West Point Grey,1.05,82,0,1048.0,10.3,2678800.0
2023,Kitsilano,0.92,44,1,1048.0,10.3,2033000.0
2023,Kitsilano,0.92,46,1,1048.0,10.3,819900.0
2023,Kitsilano,0.92,113,0,1048.0,10.3,2614000.0
2023,Kitsilano,0.92,46,1,1048.0,10.3,714500.0
2023,Kitsilano,0.92,25,1,1048.0,10.3,510610.0
2023,Kitsilano,0.92,111,0,1048.0,10.3,2188000.0
2023,Oakridge,5.77,19,1,1048.0,10.3,2208000.0
2023,Marpole,7.34,31,1,1048.0,10.3,1635000.0
2023,Oakridge,5.77,71,0,1048.0,10.3,2430600.0
2023,Marpole,7.34,27,1,1048.0,10.3,10100.0
2023,Marpole,7.34,27,1,1048.0,10.3,10100.0
2023,Marpole,7.34,27,1,1048.0,10.3,10100.0
2023,Marpole,7.34,21,1,1048.0,10.3,407100.0
2023,Oakridge,5.77,64,0,1048.0,10.3,3531000.0
2023,Riley Park,4.58,3,1,1048.0,10.3,1050000.0
2023,Downtown,1.43,3,1,1048.0,10.3,3289000.0
2023,Marpole,7.34,9,1,1048.0,10.3,1282000.0
2023,Downtown,1.43,37,1,1048.0,10.3,417000.0
2023,West End,0.57,24,1,1048.0,10.3,761000.0
2023,Downtown,1.43,19,1,1048.0,10.3,2806000.0
2023,Downtown,1.43,23,1,1048.0,10.3,603000.0
2023,Downtown,1.43,20,1,1048.0,10.3,1339000.0
2023,Downtown,1.43,29,1,1048.0,10.3,1078000.0
2023,Downtown,1.43,29,1,1048.0,10.3,1812637.0
2023,West End,0.57,95,1,1048.0,10.3,2053000.0
2023,West End,0.57,43,1,1048.0,10.3,644000.0
2023,Downtown,1.43,123,1,1048.0,10.3,870876.0
2023,Downtown,1.43,121,1,1048.0,10.3,1027000.0
2023,Downtown,1.43,27,1,1048.0,10.3,544000.0
2023,Downtown,1.43,27,1,1048.0,10.3,528000.0
2023,Downtown,1.43,18,1,1048.0,10.3,785000.0
2023,Downtown,1.43,119,1,1048.0,10.3,2073178.0
2023,Downtown,1.43,27,1,1048.0,10.3,572000.0
2023,Downtown,1.43,27,1,1048.0,10.3,563000.0
2023,Marpole,7.34,7,1,1048.0,10.3,510000.0
2023,Downtown,1.43,2,1,1048.0,10.3,2079200.0
2023,Downtown,1.43,2,1,1048.0,10.3,928300.0
2023,Mount Pleasant,3.31,10,1,1048.0,10.3,564000.0
2023,Mount Pleasant,3.31,10,1,1048.0,10.3,747000.0
2023,Downtown,1.43,2,1,1048.0,10.3,836300.0
2023,Arbutus Ridge,3.05,16,0,1048.0,10.3,2835000.0
2023,Mount Pleasant,3.31,5,1,1048.0,10.3,783000.0
2023,Mount Pleasant,3.31,17,1,1048.0,10.3,754000.0
2023,Downtown,1.43,17,1,1048.0,10.3,1136000.0
2023,Kitsilano,0.92,24,1,1048.0,10.3,893000.0
2023,Kitsilano,0.92,29,1,1048.0,10.3,745000.0
2023,Kitsilano,0.92,29,1,1048.0,10.3,848000.0
2023,Kitsilano,0.92,32,1,1048.0,10.3,2107000.0
2023,Kitsilano,0.92,50,1,1048.0,10.3,559400.0
2023,Kitsilano,0.92,50,1,1048.0,10.3,576900.0
2023,Kitsilano,0.92,23,1,1048.0,10.3,1170000.0
2023,Kensington-Cedar Cottage,5.89,4,1,1048.0,10.3,985000.0
2023,Renfrew-Collingwood,7.85,11,1,1048.0,10.3,545000.0
2023,Downtown,1.43,15,1,1048.0,10.3,1828000.0
2023,Downtown,1.43,15,1,1048.0,10.3,2181000.0
2023,Downtown,1.43,9,1,1048.0,10.3,721000.0
2023,Renfrew-Collingwood,7.85,34,0,1048.0,10.3,1793000.0
2023,Renfrew-Collingwood,7.85,51,0,1048.0,10.3,1660800.0
2023,Renfrew-Collingwood,7.85,70,0,1048.0,10.3,1827100.0
2023,Renfrew-Collingwood,7.85,7,0,1048.0,10.3,2888000.0
2023,Renfrew-Collingwood,7.85,26,0,1048.0,10.3,2064000.0
2023,Renfrew-Collingwood,7.85,9,0,1048.0,10.3,2312000.0
2023,Renfrew-Collingwood,7.85,29,0,1048.0,10.3,1932000.0
2023,Renfrew-Collingwood,7.85,35,0,1048.0,10.3,1797000.0
2023,Killarney,10.0,2,1,1048.0,10.3,1154000.0
2023,Downtown,1.43,17,1,1048.0,10.3,1095000.0
2023,West Point Grey,1.05,17,1,1048.0,10.3,2494000.0
2023,West Point Grey,1.05,17,1,1048.0,10.3,2033000.0
2023,Downtown,1.43,15,1,1048.0,10.3,731000.0
2023,Downtown,1.43,6,1,1048.0,10.3,569000.0
2023,Downtown,1.43,28,0,1048.0,10.3,240200.0
2023,Downtown,1.43,19,0,1048.0,10.3,1065000.0
2023,Kensington-Cedar Cottage,5.89,15,1,1048.0,10.3,678000.0
2023,Downtown,1.43,52,0,1048.0,10.3,4331000.0
2023,Downtown,1.43,28,0,1048.0,10.3,280600.0
2023,Sunset,7.52,2,1,1048.0,10.3,1468000.0
2023,Killarney,10.0,2,1,1048.0,10.3,877000.0
2023,Mount Pleasant,3.31,4,1,1048.0,10.3,923000.0
2023,Downtown,1.43,17,1,1048.0,10.3,606000.0
2023,Downtown,1.43,17,1,1048.0,10.3,610000.0
2023,Mount Pleasant,3.31,10,1,1048.0,10.3,1995000.0
2021,Fairview,1.75,20,1,1140.4,10.6,639000.0
2021,Killarney,10.0,27,1,1140.4,10.6,552000.0
2021,Renfrew-Collingwood,7.85,66,0,1140.4,10.6,2332500.0
2021,Grandview-Woodland,5.05,109,0,1140.4,10.6,1780000.0
2021,Dunbar-Southlands,3.76,59,0,1140.4,10.6,1784100.0
2021,Kensington-Cedar Cottage,5.89,30,0,1140.4,10.6,1548000.0
2023,Kitsilano,0.92,33,1,1048.0,10.3,864000.0
2023,Kitsilano,0.92,111,0,1048.0,10.3,2378000.0
2023,Kitsilano,0.92,18,1,1048.0,10.3,1261000.0
2023,Kitsilano,0.92,110,0,1048.0,10.3,3160000.0
2023,Kitsilano,0.92,115,0,1048.0,10.3,2523500.0
2023,Kitsilano,0.92,55,0,1048.0,10.3,796600.0
2023,Kitsilano,0.92,41,1,1048.0,10.3,1914000.0
2023,Kitsilano,0.92,113,0,1048.0,10.3,2250000.0
2023,Kitsilano,0.92,112,0,1048.0,10.3,2158000.0
2023,Kitsilano,0.92,113,0,1048.0,10.3,1856300.0
2023,Kitsilano,0.92,21,1,1048.0,10.3,2428000.0
2023,Kitsilano,0.92,42,1,1048.0,10.3,1906000.0
2023,Oakridge,5.77,59,0,1048.0,10.3,3334000.0
2023,Marpole,7.34,32,1,1048.0,10.3,582000.0
2023,Marpole,7.34,32,1,1048.0,10.3,930000.0
2023,Marpole,7.34,40,1,1048.0,10.3,1282000.0
2023,Marpole,7.34,42,0,1048.0,10.3,2369000.0
2023,Marpole,7.34,27,1,1048.0,10.3,1687000.0
2023,Marpole,7.34,31,0,1048.0,10.3,2365000.0
2023,Marpole,7.34,69,0,1048.0,10.3,3221800.0
2023,Kitsilano,0.92,33,0,1048.0,10.3,3622000.0
2023,Kitsilano,0.92,46,1,1048.0,10.3,2993000.0
2023,Fairview,1.75,37,1,1048.0,10.3,754000.0
2023,Fairview,1.75,27,1,1048.0,10.3,980000.0
2023,Fairview,1.75,31,1,1048.0,10.3,750000.0
2023,Fairview,1.75,45,1,1048.0,10.3,447100.0
2023,Fairview,1.75,39,1,1048.0,10.3,1503000.0
2023,Fairview,1.75,30,1,1048.0,10.3,1108000.0
2023,Mount Pleasant,3.31,8,1,1048.0,10.3,1247000.0
2023,Kensington-Cedar Cottage,5.89,8,1,1048.0,10.3,737000.0
2023,Mount Pleasant,3.31,10,1,1048.0,10.3,1283324.0
2023,West Point Grey,1.05,33,1,1048.0,10.3,1234000.0
2023,Downtown,1.43,16,1,1048.0,10.3,1587000.0
2023,Downtown,1.43,16,1,1048.0,10.3,1593000.0
2023,Oakridge,5.77,2,1,1048.0,10.3,769000.0
2021,Renfrew-Collingwood,7.85,57,0,1140.4,10.6,1806000.0
2021,West End,0.57,16,1,1140.4,10.6,942000.0
2023,Mount Pleasant,3.31,8,1,1048.0,10.3,1161000.0
2023,Downtown,1.43,11,1,1048.0,10.3,745000.0
2023,Riley Park,4.58,2,1,1048.0,10.3,2062000.0
2023,Downtown,1.43,11,1,1048.0,10.3,750000.0
2023,Fairview,1.75,11,1,1048.0,10.3,948000.0
2023,Mount Pleasant,3.31,9,1,1048.0,10.3,708000.0
2023,Kensington-Cedar Cottage,5.89,6,1,1048.0,10.3,726000.0
2023,Kensington-Cedar Cottage,5.89,5,1,1048.0,10.3,1665000.0
2023,Downtown,1.43,11,1,1048.0,10.3,655000.0
2021,Arbutus Ridge,3.05,34,1,1140.4,10.6,840000.0
2021,Downtown,1.43,22,1,1140.4,10.6,251700.0
2021,Kensington-Cedar Cottage,5.89,7,0,1140.4,10.6,1379000.0
2021,Sunset,7.52,76,0,1140.4,10.6,1259700.0
2023,Riley Park,4.58,4,1,1048.0,10.3,1309000.0
2023,Oakridge,5.77,12,1,1048.0,10.3,1930000.0
2023,Kensington-Cedar Cottage,5.89,14,1,1048.0,10.3,844000.0
2023,Renfrew-Collingwood,7.85,16,1,1048.0,10.3,333600.0
2023,Renfrew-Collingwood,7.85,16,1,1048.0,10.3,631000.0
2023,Downtown,1.43,16,1,1048.0,10.3,1006000.0
2023,Downtown,1.43,4,1,1048.0,10.3,718000.0
2023,Downtown,1.43,16,1,1048.0,10.3,765000.0
2023,Kitsilano,0.92,111,1,1048.0,10.3,971200.0
2023,Kitsilano,0.92,111,1,1048.0,10.3,2091700.0
2023,Kitsilano,0.92,33,1,1048.0,10.3,4019000.0
2023,Kitsilano,0.92,98,0,1048.0,10.3,3443000.0
2023,Kitsilano,0.92,36,1,1048.0,10.3,3447000.0
2023,Kitsilano,0.92,43,1,1048.0,10.3,1624000.0
2021,Hastings-Sunrise,6.96,109,0,1140.4,10.6,1210400.0
2021,Kensington-Cedar Cottage,5.89,74,0,1140.4,10.6,1362700.0
2021,West Point Grey,1.05,20,1,1140.4,10.6,798000.0
2021,West End,0.57,24,1,1140.4,10.6,869000.0
2023,Hastings-Sunrise,6.96,61,0,1048.0,10.3,1710800.0
2023,Kitsilano,0.92,28,1,1048.0,10.3,2590000.0
2023,Kitsilano,0.92,48,1,1048.0,10.3,1193100.0
2023,Kitsilano,0.92,44,1,1048.0,10.3,1840000.0
2023,Kitsilano,0.92,56,1,1048.0,10.3,649800.0
2023,Kitsilano,0.92,56,1,1048.0,10.3,551300.0
2023,Kitsilano,0.92,111,0,1048.0,10.3,2347000.0
2023,Kitsilano,0.92,97,1,1048.0,10.3,1948800.0
2023,Kitsilano,0.92,28,1,1048.0,10.3,996000.0
2023,Kitsilano,0.92,35,1,1048.0,10.3,896000.0
2023,Kitsilano,0.92,29,1,1048.0,10.3,605000.0
2023,Kitsilano,0.92,96,0,1048.0,10.3,3045700.0
2023,Kitsilano,0.92,111,1,1048.0,10.3,871100.0
2023,Kitsilano,0.92,98,0,1048.0,10.3,3814000.0
2023,Kitsilano,0.92,35,1,1048.0,10.3,2213000.0
2023,Kitsilano,0.92,41,1,1048.0,10.3,830500.0
2023,Kitsilano,0.92,41,1,1048.0,10.3,875800.0
2023,Kitsilano,0.92,48,1,1048.0,10.3,848300.0
2023,Kitsilano,0.92,110,0,1048.0,10.3,3568000.0
2023,Kitsilano,0.92,67,1,1048.0,10.3,1553486.0
2023,Kitsilano,0.92,67,1,1048.0,10.3,1671000.0
2023,Kitsilano,0.92,67,1,1048.0,10.3,826500.0
2023,Kitsilano,0.92,111,0,1048.0,10.3,3079500.0
2023,Kitsilano,0.92,56,1,1048.0,10.3,1445000.0
2023,Marpole,7.34,34,1,1048.0,10.3,1234000.0
2023,Marpole,7.34,33,0,1048.0,10.3,2434000.0
2023,Marpole,7.34,19,1,1048.0,10.3,445000.0
2023,Marpole,7.34,19,1,1048.0,10.3,509000.0
2023,Marpole,7.34,36,0,1048.0,10.3,2304000.0
2023,Marpole,7.34,18,1,1048.0,10.3,1430000.0
2023,Marpole,7.34,19,0,1048.0,10.3,2668000.0
2023,Marpole,7.34,19,1,1048.0,10.3,438000.0
2023,Marpole,7.34,64,0,1048.0,10.3,3757200.0
2023,Fairview,1.75,41,1,1048.0,10.3,1387000.0
2023,Hastings-Sunrise,6.96,78,0,1048.0,10.3,1362800.0
2023,Hastings-Sunrise,6.96,44,0,1048.0,10.3,1749300.0
2023,Hastings-Sunrise,6.96,22,0,1048.0,10.3,2015000.0
2023,Hastings-Sunrise,6.96,51,0,1048.0,10.3,1582300.0
2023,Hastings-Sunrise,6.96,79,0,1048.0,10.3,1684300.0
2023,Hastings-Sunrise,6.96,67,0,1048.0,10.3,1681000.0
2023,Hastings-Sunrise,6.96,55,0,1048.0,10.3,1817000.0
2023,Hastings-Sunrise,6.96,63,0,1048.0,10.3,1697000.0
2023,Hastings-Sunrise,6.96,61,0,1048.0,10.3,1695600.0
2023,Renfrew-Collingwood,7.85,61,0,1048.0,10.3,1452500.0
2023,Renfrew-Collingwood,7.85,58,0,1048.0,10.3,1531200.0
2023,Downtown,1.43,24,1,1048.0,10.3,428000.0
2023,Downtown,1.43,27,1,1048.0,10.3,558000.0
2023,Downtown,1.43,29,1,1048.0,10.3,324000.0
2023,Downtown,1.43,24,1,1048.0,10.3,369600.0
2023,Downtown,1.43,23,1,1048.0,10.3,142800.0
2023,Downtown,1.43,27,1,1048.0,10.3,599000.0
2023,Downtown,1.43,22,0,1048.0,10.3,2.0
2023,Downtown,1.43,20,1,1048.0,10.3,2234000.0
2023,Downtown,1.43,27,1,1048.0,10.3,570000.0
2023,Downtown,1.43,25,0,1048.0,10.3,658000.0
2023,Downtown,1.43,23,1,1048.0,10.3,808000.0
2023,Downtown,1.43,30,1,1048.0,10.3,698000.0
2023,Downtown,1.43,37,1,1048.0,10.3,442000.0
2023,Downtown,1.43,37,1,1048.0,10.3,625000.0
2023,West End,0.57,49,1,1048.0,10.3,570000.0
2023,Downtown,1.43,20,1,1048.0,10.3,858000.0
2023,Downtown,1.43,30,1,1048.0,10.3,698000.0
2023,Downtown,1.43,13,1,1048.0,10.3,392000.0
2023,Downtown,1.43,7,1,1048.0,10.3,648000.0
2023,Downtown,1.43,13,1,1048.0,10.3,822000.0
2023,Fairview,1.75,17,1,1048.0,10.3,1303000.0
2023,Downtown,1.43,4,1,1048.0,10.3,1056000.0
2023,Downtown,1.43,4,1,1048.0,10.3,724000.0
2023,Downtown,1.43,16,1,1048.0,10.3,877000.0
2023,Fairview,1.75,36,1,1048.0,10.3,715000.0
2023,Downtown,1.43,16,1,1048.0,10.3,621000.0
2023,Downtown,1.43,12,1,1048.0,10.3,1897000.0
2023,Downtown,1.43,16,1,1048.0,10.3,795000.0
2023,Downtown,1.43,16,1,1048.0,10.3,890000.0
2023,Downtown,1.43,16,1,1048.0,10.3,994000.0
2023,Downtown,1.43,16,1,1048.0,10.3,540000.0
2023,Downtown,1.43,4,1,1048.0,10.3,722000.0
2023,Dunbar-Southlands,3.76,16,1,1048.0,10.3,1063000.0
2023,Renfrew-Collingwood,7.85,5,1,1048.0,10.3,800000.0
2023,Downtown,1.43,9,1,1048.0,10.3,613000.0
2023,Downtown,1.43,9,1,1048.0,10.3,656000.0
2023,Mount Pleasant,3.31,14,1,1048.0,10.3,1397000.0
2023,Mount Pleasant,3.31,14,1,1048.0,10.3,926621.0
2023,Mount Pleasant,3.31,14,1,1048.0,10.3,1391000.0
2023,Renfrew-Collingwood,7.85,5,1,1048.0,10.3,851000.0
2023,Renfrew-Collingwood,7.85,5,1,1048.0,10.3,932000.0
2023,Mount Pleasant,3.31,14,1,1048.0,10.3,855956.0
2023,Downtown,1.43,4,1,1048.0,10.3,1185000.0
2023,Renfrew-Collingwood,7.85,5,1,1048.0,10.3,486000.0
2023,Renfrew-Collingwood,7.85,5,1,1048.0,10.3,869000.0
2023,Downtown,1.43,13,1,1048.0,10.3,797000.0
2023,Renfrew-Collingwood,7.85,4,1,1048.0,10.3,1660000.0
2023,Downtown,1.43,7,0,1048.0,10.3,1055600.0
2023,Kitsilano,0.92,48,1,1048.0,10.3,837720.0
2023,Kitsilano,0.92,42,1,1048.0,10.3,1230773.0
2023,Kitsilano,0.92,111,0,1048.0,10.3,3218000.0
2023,Kitsilano,0.92,31,1,1048.0,10.3,2033000.0
2023,Kitsilano,0.92,32,1,1048.0,10.3,948000.0
2023,Fairview,1.75,21,1,1048.0,10.3,511000.0
2023,Fairview,1.75,37,1,1048.0,10.3,702700.0
2023,Fairview,1.75,29,1,1048.0,10.3,1086000.0
2023,Fairview,1.75,18,1,1048.0,10.3,1255000.0
2023,Fairview,1.75,18,1,1048.0,10.3,1228000.0
2023,Fairview,1.75,26,1,1048.0,10.3,1490000.0
2023,Fairview,1.75,38,1,1048.0,10.3,777000.0
2023,Fairview,1.75,38,1,1048.0,10.3,658000.0
2023,Fairview,1.75,35,1,1048.0,10.3,918000.0
2023,Fairview,1.75,42,1,1048.0,10.3,1007000.0
2023,Fairview,1.75,41,1,1048.0,10.3,1062200.0
2023,Fairview,1.75,31,1,1048.0,10.3,1198000.0
2023,Fairview,1.75,42,1,1048.0,10.3,577600.0
2023,Fairview,1.75,39,1,1048.0,10.3,730800.0
2023,Fairview,1.75,41,1,1048.0,10.3,904000.0
2023,Fairview,1.75,37,1,1048.0,10.3,1078000.0
2023,Fairview,1.75,42,1,1048.0,10.3,693800.0
2023,Fairview,1.75,42,1,1048.0,10.3,1057100.0
2023,Fairview,1.75,55,0,1048.0,10.3,3784700.0
2023,Fairview,1.75,37,1,1048.0,10.3,735000.0
2023,Downtown,1.43,7,1,1048.0,10.3,588000.0
2023,Fairview,1.75,10,1,1048.0,10.3,676000.0
2023,Kitsilano,0.92,28,1,1048.0,10.3,741000.0
2023,Kitsilano,0.92,27,1,1048.0,10.3,660000.0
2023,Kitsilano,0.92,66,0,1048.0,10.3,3524000.0
2023,Kitsilano,0.92,97,0,1048.0,10.3,2326100.0
2023,Kitsilano,0.92,25,1,1048.0,10.3,473800.0
2023,Kitsilano,0.92,100,0,1048.0,10.3,2715100.0
2023,Kitsilano,0.92,98,0,1048.0,10.3,2425400.0
2023,Kitsilano,0.92,25,1,1048.0,10.3,826516.0
2023,West End,0.57,33,1,1048.0,10.3,1011000.0
2023,Downtown,1.43,20,1,1048.0,10.3,1434000.0
2023,Downtown,1.43,41,1,1048.0,10.3,1195298.0
2023,Downtown,1.43,29,1,1048.0,10.3,1392198.0
2023,West End,0.57,26,1,1048.0,10.3,748000.0
2023,Downtown,1.43,20,1,1048.0,10.3,520000.0
2023,Downtown,1.43,11,1,1048.0,10.3,1733000.0
2023,Renfrew-Collingwood,7.85,7,1,1048.0,10.3,1704000.0
2023,Killarney,10.0,5,1,1048.0,10.3,1705000.0
2023,Killarney,10.0,5,1,1048.0,10.3,1397000.0
2023,Arbutus Ridge,3.05,5,1,1048.0,10.3,2207000.0
2023,Riley Park,4.58,12,0,1048.0,10.3,3351000.0
2023,Kitsilano,0.92,46,1,1048.0,10.3,749845.0
2021,Marpole,7.34,74,0,1140.4,10.6,1781300.0
2021,Fairview,1.75,48,1,1140.4,10.6,657100.0
2021,Grandview-Woodland,5.05,56,0,1140.4,10.6,1362300.0
2023,Killarney,10.0,4,1,1048.0,10.3,667000.0
2023,Kensington-Cedar Cottage,5.89,14,1,1048.0,10.3,1351000.0
2023,Killarney,10.0,4,1,1048.0,10.3,546000.0
2023,Mount Pleasant,3.31,12,1,1048.0,10.3,713000.0
2023,Fairview,1.75,17,1,1048.0,10.3,478000.0
2023,Kitsilano,0.92,34,1,1048.0,10.3,2035000.0
2023,Kitsilano,0.92,46,1,1048.0,10.3,622500.0
2023,Kerrisdale,5.6,96,0,1048.0,10.3,3285800.0
2023,Arbutus Ridge,3.05,32,0,1048.0,10.3,2007000.0
2023,Kerrisdale,5.6,92,0,1048.0,10.3,3640000.0
2023,Kerrisdale,5.6,91,0,1048.0,10.3,3171000.0
2023,Kerrisdale,5.6,82,0,1048.0,10.3,2193000.0
2023,Kerrisdale,5.6,68,0,1048.0,10.3,2727000.0
2023,Renfrew-Collingwood,7.85,16,1,1048.0,10.3,718000.0
2023,Mount Pleasant,3.31,6,1,1048.0,10.3,675000.0
2023,Renfrew-Collingwood,7.85,16,1,1048.0,10.3,767000.0
2023,Renfrew-Collingwood,7.85,16,1,1048.0,10.3,740000.0
2023,Renfrew-Collingwood,7.85,4,1,1048.0,10.3,1645000.0
2023,Mount Pleasant,3.31,10,1,1048.0,10.3,650000.0
2023,Riley Park,4.58,9,1,1048.0,10.3,1157000.0
2023,Mount Pleasant,3.31,9,1,1048.0,10.3,769000.0
2023,Kitsilano,0.92,11,1,1048.0,10.3,686000.0
2023,Mount Pleasant,3.31,9,1,1048.0,10.3,774000.0
2023,Mount Pleasant,3.31,9,1,1048.0,10.3,780000.0
2023,Kitsilano,0.92,16,1,1048.0,10.3,1921949.0
2023,Mount Pleasant,3.31,10,1,1048.0,10.3,720000.0
2023,Downtown,1.43,17,1,1048.0,10.3,1734000.0
2023,Downtown,1.43,17,1,1048.0,10.3,1752000.0
2023,Mount Pleasant,3.31,10,1,1048.0,10.3,673000.0
2023,Renfrew-Collingwood,7.85,15,1,1048.0,10.3,1468000.0
2023,Downtown,1.43,17,1,1048.0,10.3,1899000.0
2023,Grandview-Woodland,5.05,8,1,1048.0,10.3,576800.0
2023,Riley Park,4.58,6,1,1048.0,10.3,708000.0
2023,Renfrew-Collingwood,7.85,10,1,1048.0,10.3,1633000.0
2023,Downtown,1.43,14,1,1048.0,10.3,877000.0
2023,Sunset,7.52,2,1,1048.0,10.3,572000.0
2023,Sunset,7.52,2,1,1048.0,10.3,587000.0
2023,Fairview,1.75,9,1,1048.0,10.3,761000.0
2023,Kensington-Cedar Cottage,5.89,7,1,1048.0,10.3,1291000.0
2023,Sunset,7.52,2,1,1048.0,10.3,625000.0
2023,Kensington-Cedar Cottage,5.89,17,0,1048.0,10.3,1667000.0
2023,Kensington-Cedar Cottage,5.89,13,1,1048.0,10.3,764000.0
2023,Downtown,1.43,14,1,1048.0,10.3,1014000.0
2023,Kensington-Cedar Cottage,5.89,13,1,1048.0,10.3,815000.0
2021,Renfrew-Collingwood,7.85,95,0,1140.4,10.6,1178000.0
2021,Oakridge,5.77,57,0,1140.4,10.6,2837000.0
2023,Kensington-Cedar Cottage,5.89,4,1,1048.0,10.3,2002000.0
2023,Mount Pleasant,3.31,9,1,1048.0,10.3,2115000.0
2023,Mount Pleasant,3.31,9,1,1048.0,10.3,809000.0
2023,Downtown,1.43,13,1,1048.0,10.3,646000.0
2023,Downtown,1.43,12,1,1048.0,10.3,815000.0
2023,Kensington-Cedar Cottage,5.89,4,1,1048.0,10.3,829000.0
2023,Oakridge,5.77,2,1,1048.0,10.3,1188000.0
2023,Downtown,1.43,13,1,1048.0,10.3,641000.0
2023,Mount Pleasant,3.31,3,1,1048.0,10.3,2892111.0
2023,Downtown,1.43,13,1,1048.0,10.3,663000.0
2023,Mount Pleasant,3.31,12,1,1048.0,10.3,822000.0
2023,Mount Pleasant,3.31,3,1,1048.0,10.3,1287000.0
2023,Kerrisdale,5.6,76,0,1048.0,10.3,2520200.0
2023,Kerrisdale,5.6,69,0,1048.0,10.3,2887000.0
2023,Kitsilano,0.92,41,1,1048.0,10.3,865100.0
2023,Kitsilano,0.92,56,1,1048.0,10.3,618700.0
2023,Kitsilano,0.92,56,1,1048.0,10.3,666000.0
2023,Kitsilano,0.92,28,1,1048.0,10.3,30500.0
2023,Kitsilano,0.92,28,1,1048.0,10.3,807753.0
2023,Kitsilano,0.92,28,1,1048.0,10.3,254920.0
2023,Kitsilano,0.92,34,1,1048.0,10.3,1039295.0
2023,Kitsilano,0.92,38,1,1048.0,10.3,573600.0
2023,Kitsilano,0.92,34,1,1048.0,10.3,1350000.0
2023,Kitsilano,0.92,113,0,1048.0,10.3,3618000.0
2021,Victoria-Fraserview,8.47,69,0,1140.4,10.6,1763400.0
2021,Mount Pleasant,3.31,47,1,1140.4,10.6,328000.0
2021,Killarney,10.0,42,1,1140.4,10.6,511200.0
2023,Downtown,1.43,13,1,1048.0,10.3,654000.0
2023,Riley Park,4.58,2,1,1048.0,10.3,2093000.0
2023,Riley Park,4.58,2,1,1048.0,10.3,1376000.0
2023,Kerrisdale,5.6,29,0,1048.0,10.3,3321000.0
2023,Kerrisdale,5.6,28,0,1048.0,10.3,4077000.0
2023,Kerrisdale,5.6,30,0,1048.0,10.3,4335000.0
2023,Fairview,1.75,113,0,1048.0,10.3,1494219.0
2023,Kerrisdale,5.6,28,0,1048.0,10.3,4059000.0
2023,Kerrisdale,5.6,38,0,1048.0,10.3,2830000.0
2023,Kerrisdale,5.6,82,0,1048.0,10.3,2971000.0
2023,Killarney,10.0,3,1,1048.0,10.3,616000.0
2023,Killarney,10.0,3,1,1048.0,10.3,893000.0
2023,Killarney,10.0,3,1,1048.0,10.3,838000.0
2023,Renfrew-Collingwood,7.85,18,1,1048.0,10.3,481000.0
2023,Renfrew-Collingwood,7.85,18,1,1048.0,10.3,572000.0
2023,Kensington-Cedar Cottage,5.89,15,1,1048.0,10.3,1273000.0
2023,Mount Pleasant,3.31,17,1,1048.0,10.3,704000.0
2023,Mount Pleasant,3.31,11,1,1048.0,10.3,1180000.0
2023,Mount Pleasant,3.31,15,1,1048.0,10.3,730000.0
2023,Renfrew-Collingwood,7.85,18,1,1048.0,10.3,515000.0
2021,Dunbar-Southlands,3.76,15,0,1140.4,10.6,3356000.0
2021,Kensington-Cedar Cottage,5.89,28,1,1140.4,10.6,476000.0
2021,Killarney,10.0,56,0,1140.4,10.6,1719400.0
2021,Sunset,7.52,35,0,1140.4,10.6,1325000.0
2021,Riley Park,4.58,103,0,1140.4,10.6,2286900.0
2021,Victoria-Fraserview,8.47,57,0,1140.4,10.6,1717900.0
2023,Mount Pleasant,3.31,11,1,1048.0,10.3,739000.0
2023,Mount Pleasant,3.31,17,1,1048.0,10.3,575000.0
2023,Renfrew-Collingwood,7.85,18,1,1048.0,10.3,769000.0
2023,Mount Pleasant,3.31,11,1,1048.0,10.3,776000.0
2023,Mount Pleasant,3.31,11,1,1048.0,10.3,1235000.0
2023,Renfrew-Collingwood,7.85,18,1,1048.0,10.3,607000.0
2023,Mount Pleasant,3.31,11,1,1048.0,10.3,863000.0
2023,West End,0.57,9,1,1048.0,10.3,651000.0
2023,Fairview,1.75,31,1,1048.0,10.3,1077000.0
2023,Fairview,1.75,37,1,1048.0,10.3,1606000.0
2023,Fairview,1.75,34,1,1048.0,10.3,682700.0
2023,Fairview,1.75,64,0,1048.0,10.3,2659200.0
2023,Fairview,1.75,34,1,1048.0,10.3,2098000.0
2023,Fairview,1.75,40,1,1048.0,10.3,1320000.0
2023,Fairview,1.75,39,1,1048.0,10.3,500000.0
2023,Downtown,1.43,10,1,1048.0,10.3,812000.0
2023,Mount Pleasant,3.31,11,1,1048.0,10.3,687000.0
2023,Downtown,1.43,10,1,1048.0,10.3,959000.0
2023,Mount Pleasant,3.31,11,1,1048.0,10.3,542000.0
2023,Downtown,1.43,7,1,1048.0,10.3,677000.0
2023,Downtown,1.43,7,1,1048.0,10.3,1275000.0
2023,Downtown,1.43,7,1,1048.0,10.3,663000.0
2023,Downtown,1.43,7,1,1048.0,10.3,860000.0
2023,Downtown,1.43,7,1,1048.0,10.3,743000.0
2023,Downtown,1.43,7,1,1048.0,10.3,715000.0
2023,Downtown,1.43,7,1,1048.0,10.3,621000.0
2023,Downtown,1.43,7,1,1048.0,10.3,2140000.0
2023,Downtown,1.43,7,1,1048.0,10.3,1708000.0
2023,Fairview,1.75,38,1,1048.0,10.3,1146000.0
2023,Fairview,1.75,27,1,1048.0,10.3,748000.0
2023,Fairview,1.75,37,1,1048.0,10.3,1393921.0
2023,Fairview,1.75,47,1,1048.0,10.3,1471000.0
2023,Fairview,1.75,37,1,1048.0,10.3,1181000.0
2023,Fairview,1.75,22,1,1048.0,10.3,30500.0
2023,Fairview,1.75,47,1,1048.0,10.3,1420300.0
2023,Kitsilano,0.92,35,1,1048.0,10.3,2084000.0
2023,Kitsilano,0.92,33,1,1048.0,10.3,1039000.0
2023,Kitsilano,0.92,15,0,1048.0,10.3,4419000.0
2023,Kitsilano,0.92,56,1,1048.0,10.3,620200.0
2023,Kitsilano,0.92,103,0,1048.0,10.3,4157000.0
2023,Kitsilano,0.92,48,1,1048.0,10.3,694300.0
2023,Fairview,1.75,41,1,1048.0,10.3,1267200.0
2023,Fairview,1.75,31,1,1048.0,10.3,986000.0
2023,Fairview,1.75,38,1,1048.0,10.3,604400.0
2023,Fairview,1.75,41,1,1048.0,10.3,452100.0
2023,Fairview,1.75,21,1,1048.0,10.3,567000.0
2023,Fairview,1.75,25,1,1048.0,10.3,646000.0
2023,Fairview,1.75,25,1,1048.0,10.3,1231000.0
2023,Arbutus Ridge,3.05,15,1,1048.0,10.3,2127000.0
2023,West End,0.57,9,1,1048.0,10.3,580000.0
2023,Mount Pleasant,3.31,7,1,1048.0,10.3,832000.0
2023,Mount Pleasant,3.31,7,1,1048.0,10.3,883000.0
2023,Downtown,1.43,7,1,1048.0,10.3,959000.0
2023,Downtown,1.43,7,1,1048.0,10.3,1093000.0
2023,Killarney,10.0,2,1,1048.0,10.3,714000.0
2023,Renfrew-Collingwood,7.85,4,1,1048.0,10.3,788000.0
2023,Downtown,1.43,7,1,1048.0,10.3,739000.0
2023,Kensington-Cedar Cottage,5.89,9,1,1048.0,10.3,1442000.0
2023,Renfrew-Collingwood,7.85,4,1,1048.0,10.3,660000.0
2023,Downtown,1.43,7,1,1048.0,10.3,645000.0
2023,Downtown,1.43,7,1,1048.0,10.3,1037000.0
2023,Kensington-Cedar Cottage,5.89,2,1,1048.0,10.3,620000.0
2023,Fairview,1.75,28,1,1048.0,10.3,2445000.0
2023,Fairview,1.75,29,1,1048.0,10.3,522480.0
2023,Fairview,1.75,41,1,1048.0,10.3,1139400.0
2023,Fairview,1.75,52,1,1048.0,10.3,107500.0
2023,Hastings-Sunrise,6.96,29,1,1048.0,10.3,312000.0
2023,Renfrew-Collingwood,7.85,13,0,1048.0,10.3,1958000.0
2023,Hastings-Sunrise,6.96,25,0,1048.0,10.3,1920000.0
2023,Hastings-Sunrise,6.96,29,1,1048.0,10.3,295000.0
2023,Hastings-Sunrise,6.96,50,0,1048.0,10.3,1727600.0
2023,Hastings-Sunrise,6.96,68,0,1048.0,10.3,1684400.0
2023,Hastings-Sunrise,6.96,29,1,1048.0,10.3,266000.0
2023,Hastings-Sunrise,6.96,55,0,1048.0,10.3,2034000.0
2023,Hastings-Sunrise,6.96,47,0,1048.0,10.3,1967000.0
2023,Hastings-Sunrise,6.96,29,1,1048.0,10.3,290000.0
2023,Hastings-Sunrise,6.96,55,0,1048.0,10.3,2025800.0
2023,Downtown,1.43,27,1,1048.0,10.3,601000.0
2023,Downtown,1.43,29,1,1048.0,10.3,318000.0
2023,Downtown,1.43,24,1,1048.0,10.3,199900.0
2023,Downtown,1.43,48,1,1048.0,10.3,1042643.0
2023,West End,0.57,42,1,1048.0,10.3,1999000.0
2023,Downtown,1.43,21,1,1048.0,10.3,618000.0
2023,Downtown,1.43,21,1,1048.0,10.3,516000.0
2023,Downtown,1.43,113,1,1048.0,10.3,1513465.0
2023,Downtown,1.43,15,1,1048.0,10.3,911000.0
2023,Downtown,1.43,21,1,1048.0,10.3,489000.0
2023,Downtown,1.43,21,1,1048.0,10.3,802000.0
2023,Downtown,1.43,21,1,1048.0,10.3,827000.0
2023,Downtown,1.43,25,1,1048.0,10.3,1493000.0
2023,Downtown,1.43,33,1,1048.0,10.3,374300.0
2023,Downtown,1.43,28,1,1048.0,10.3,671000.0
2023,Oakridge,5.77,2,1,1048.0,10.3,1560000.0
2023,Oakridge,5.77,7,1,1048.0,10.3,1230000.0
2023,Downtown,1.43,2,1,1048.0,10.3,1808000.0
2023,Fairview,1.75,52,1,1048.0,10.3,119800.0
2023,Kitsilano,0.92,47,1,1048.0,10.3,689800.0
2023,Kitsilano,0.92,48,1,1048.0,10.3,952800.0
2023,Downtown,1.43,4,1,1048.0,10.3,694000.0
2023,Downtown,1.43,4,1,1048.0,10.3,2566000.0
2023,Fairview,1.75,22,1,1048.0,10.3,30500.0
2023,Fairview,1.75,38,1,1048.0,10.3,746540.0
2023,Fairview,1.75,40,1,1048.0,10.3,1117758.0
2023,Fairview,1.75,37,1,1048.0,10.3,589253.0
2023,Fairview,1.75,23,1,1048.0,10.3,1951000.0
2023,Fairview,1.75,32,1,1048.0,10.3,842000.0
2023,Fairview,1.75,18,1,1048.0,10.3,1367000.0
2023,Fairview,1.75,18,1,1048.0,10.3,1163000.0
2023,Fairview,1.75,32,1,1048.0,10.3,1406000.0
2023,Fairview,1.75,18,1,1048.0,10.3,1148000.0
2023,Fairview,1.75,29,1,1048.0,10.3,789000.0
2023,Fairview,1.75,52,1,1048.0,10.3,110600.0
2023,Fairview,1.75,52,1,1048.0,10.3,109000.0
2023,Fairview,1.75,50,1,1048.0,10.3,639200.0
2023,Fairview,1.75,49,1,1048.0,10.3,940100.0
2023,Fairview,1.75,33,1,1048.0,10.3,738000.0
2023,Fairview,1.75,31,1,1048.0,10.3,630000.0
2023,Fairview,1.75,43,1,1048.0,10.3,573700.0
2023,Renfrew-Collingwood,7.85,47,0,1048.0,10.3,1546900.0
2023,Renfrew-Collingwood,7.85,8,0,1048.0,10.3,2477000.0
2023,Renfrew-Collingwood,7.85,46,0,1048.0,10.3,1521000.0
2023,Renfrew-Collingwood,7.85,28,0,1048.0,10.3,2282000.0
2023,Renfrew-Collingwood,7.85,35,0,1048.0,10.3,1700000.0
2023,Renfrew-Collingwood,7.85,6,0,1048.0,10.3,2136000.0
2023,Renfrew-Collingwood,7.85,29,0,1048.0,10.3,2094000.0
2023,Renfrew-Collingwood,7.85,38,0,1048.0,10.3,1854000.0
2023,Renfrew-Collingwood,7.85,85,0,1048.0,10.3,1457700.0
2023,Renfrew-Collingwood,7.85,15,0,1048.0,10.3,2009000.0
2023,Renfrew-Collingwood,7.85,34,0,1048.0,10.3,1612000.0
2023,Renfrew-Collingwood,7.85,76,0,1048.0,10.3,2843000.0
2023,Grandview-Woodland,5.05,9,1,1048.0,10.3,1523000.0
2023,Killarney,10.0,8,1,1048.0,10.3,586000.0
2023,Killarney,10.0,8,1,1048.0,10.3,538000.0
2023,Mount Pleasant,3.31,6,1,1048.0,10.3,778000.0
2023,Killarney,10.0,8,1,1048.0,10.3,1099000.0
2023,Killarney,10.0,8,1,1048.0,10.3,615000.0
2023,Mount Pleasant,3.31,2,1,1048.0,10.3,661000.0
2023,Mount Pleasant,3.31,6,1,1048.0,10.3,1043000.0
2023,Kensington-Cedar Cottage,5.89,8,1,1048.0,10.3,555000.0
2023,Killarney,10.0,8,1,1048.0,10.3,602000.0
2023,Downtown,1.43,24,1,1048.0,10.3,481000.0
2023,Downtown,1.43,24,1,1048.0,10.3,588000.0
2023,Downtown,1.43,18,1,1048.0,10.3,611000.0
2023,Downtown,1.43,27,1,1048.0,10.3,695000.0
2023,Downtown,1.43,20,1,1048.0,10.3,692000.0
2023,Downtown,1.43,18,1,1048.0,10.3,695000.0
2023,Downtown,1.43,113,1,1048.0,10.3,252000.0
2023,Downtown,1.43,8,1,1048.0,10.3,359000.0
2023,Fairview,1.75,17,1,1048.0,10.3,1276000.0
2023,Kensington-Cedar Cottage,5.89,17,1,1048.0,10.3,1339000.0
2023,Killarney,10.0,5,1,1048.0,10.3,1156000.0
2023,Downtown,1.43,18,1,1048.0,10.3,701000.0
2023,Renfrew-Collingwood,7.85,2,1,1048.0,10.3,1183000.0
2023,Kensington-Cedar Cottage,5.89,10,1,1048.0,10.3,1117000.0
2023,Downtown,1.43,11,1,1048.0,10.3,1143000.0
2023,Kitsilano,0.92,39,1,1048.0,10.3,1583000.0
2023,Kitsilano,0.92,38,1,1048.0,10.3,510600.0
2023,Kitsilano,0.92,38,1,1048.0,10.3,508600.0
2023,Kitsilano,0.92,36,1,1048.0,10.3,885000.0
2023,Kitsilano,0.92,111,0,1048.0,10.3,2691000.0
2023,Kitsilano,0.92,33,1,1048.0,10.3,776000.0
2023,Kitsilano,0.92,30,1,1048.0,10.3,789916.0
2023,Kitsilano,0.92,26,1,1048.0,10.3,774000.0
2023,Kerrisdale,5.6,62,0,1048.0,10.3,3742000.0
2023,Kerrisdale,5.6,68,0,1048.0,10.3,3747000.0
2023,Fairview,1.75,85,0,1048.0,10.3,4341300.0
2023,Fairview,1.75,36,1,1048.0,10.3,1132000.0
2023,Kerrisdale,5.6,86,0,1048.0,10.3,4101000.0
2023,Downtown,1.43,28,1,1048.0,10.3,861000.0
2023,Downtown,1.43,34,1,1048.0,10.3,1015000.0
2023,Downtown,1.43,34,1,1048.0,10.3,1108000.0
2023,Downtown,1.43,29,1,1048.0,10.3,1200000.0
2023,Downtown,1.43,29,1,1048.0,10.3,1738000.0
2023,Downtown,1.43,29,1,1048.0,10.3,698000.0
2023,Downtown,1.43,26,1,1048.0,10.3,264000.0
2023,Downtown,1.43,28,1,1048.0,10.3,494000.0
2023,Downtown,1.43,25,1,1048.0,10.3,995000.0
2023,Downtown,1.43,24,1,1048.0,10.3,663000.0
2023,Downtown,1.43,25,1,1048.0,10.3,463000.0
2023,Downtown,1.43,58,0,1048.0,10.3,4249200.0
2023,Downtown,1.43,20,1,1048.0,10.3,1022000.0
2021,Downtown,1.43,15,1,1140.4,10.6,612000.0
2021,Kensington-Cedar Cottage,5.89,66,0,1140.4,10.6,1634400.0
2023,Killarney,10.0,8,1,1048.0,10.3,550000.0
2023,Hastings-Sunrise,6.96,8,1,1048.0,10.3,667000.0
2023,Hastings-Sunrise,6.96,8,1,1048.0,10.3,650000.0
2023,Downtown,1.43,113,1,1048.0,10.3,2096000.0
2023,Arbutus Ridge,3.05,2,1,1048.0,10.3,1513000.0
2023,Downtown,1.43,15,1,1048.0,10.3,1327000.0
2023,Hastings-Sunrise,6.96,15,1,1048.0,10.3,583400.0
2023,Downtown,1.43,15,1,1048.0,10.3,741000.0
2023,Downtown,1.43,15,1,1048.0,10.3,2398000.0
2023,Mount Pleasant,3.31,6,1,1048.0,10.3,1485000.0
2023,Downtown,1.43,23,1,1048.0,10.3,600000.0
2023,Downtown,1.43,23,1,1048.0,10.3,857000.0
2023,Downtown,1.43,37,1,1048.0,10.3,1542000.0
2023,Downtown,1.43,26,1,1048.0,10.3,1047000.0
2023,Downtown,1.43,29,1,1048.0,10.3,892000.0
2023,Downtown,1.43,111,1,1048.0,10.3,555300.0
2023,Downtown,1.43,28,1,1048.0,10.3,1606000.0
2023,Downtown,1.43,28,1,1048.0,10.3,2133000.0
2023,Downtown,1.43,19,1,1048.0,10.3,910000.0
2023,Downtown,1.43,26,1,1048.0,10.3,712000.0
2023,Fairview,1.75,41,1,1048.0,10.3,1318000.0
2023,Downtown,1.43,15,1,1048.0,10.3,1941000.0
2023,Mount Pleasant,3.31,10,1,1048.0,10.3,588000.0
2023,Mount Pleasant,3.31,10,1,1048.0,10.3,690000.0
2023,Downtown,1.43,15,1,1048.0,10.3,1126000.0
2023,Downtown,1.43,15,1,1048.0,10.3,1087000.0
2023,Mount Pleasant,3.31,6,1,1048.0,10.3,872000.0
2023,Fairview,1.75,41,1,1048.0,10.3,595200.0
2023,Fairview,1.75,38,1,1048.0,10.3,612900.0
2023,Fairview,1.75,18,1,1048.0,10.3,994000.0
2023,Fairview,1.75,18,1,1048.0,10.3,1257000.0
2023,Fairview,1.75,18,1,1048.0,10.3,1885000.0
2023,Fairview,1.75,18,1,1048.0,10.3,1429000.0
2023,Fairview,1.75,18,1,1048.0,10.3,2036000.0
2023,Kitsilano,0.92,93,0,1048.0,10.3,2467200.0
2023,Fairview,1.75,34,1,1048.0,10.3,885000.0
2023,Fairview,1.75,46,1,1048.0,10.3,1170000.0
2023,Mount Pleasant,3.31,6,1,1048.0,10.3,1323000.0
2023,Mount Pleasant,3.31,6,1,1048.0,10.3,2650000.0
2023,Downtown,1.43,15,1,1048.0,10.3,782000.0
2023,Kitsilano,0.92,13,1,1048.0,10.3,731000.0
2023,Killarney,10.0,8,1,1048.0,10.3,988000.0
2023,Downtown,1.43,14,1,1048.0,10.3,595000.0
2023,Kitsilano,0.92,13,1,1048.0,10.3,989000.0
2023,Mount Pleasant,3.31,6,1,1048.0,10.3,594000.0
2023,Mount Pleasant,3.31,6,1,1048.0,10.3,854000.0
2023,Downtown,1.43,14,1,1048.0,10.3,603000.0
2023,Downtown,1.43,14,1,1048.0,10.3,473000.0
2023,Downtown,1.43,24,1,1048.0,10.3,625000.0
2023,Downtown,1.43,24,1,1048.0,10.3,741000.0
2023,Downtown,1.43,18,1,1048.0,10.3,643000.0
2023,Downtown,1.43,19,1,1048.0,10.3,663000.0
2023,Downtown,1.43,25,1,1048.0,10.3,453000.0
2021,Kensington-Cedar Cottage,5.89,41,0,1140.4,10.6,1434000.0
2023,Kitsilano,0.92,27,1,1048.0,10.3,1883000.0
2021,Renfrew-Collingwood,7.85,25,0,1140.4,10.6,1356000.0
2023,Downtown,1.43,11,1,1048.0,10.3,466000.0
2023,Marpole,7.34,9,1,1048.0,10.3,1077000.0
2023,Downtown,1.43,15,1,1048.0,10.3,1722000.0
2023,Renfrew-Collingwood,7.85,11,1,1048.0,10.3,460000.0
2023,Downtown,1.43,15,1,1048.0,10.3,1723000.0
2023,Kensington-Cedar Cottage,5.89,4,1,1048.0,10.3,1448000.0
2023,Downtown,1.43,11,1,1048.0,10.3,500000.0
2023,Mount Pleasant,3.31,11,1,1048.0,10.3,1185000.0
2023,Kitsilano,0.92,15,0,1048.0,10.3,4386000.0
2023,Kitsilano,0.92,5,0,1048.0,10.3,4500000.0
2023,Kitsilano,0.92,115,0,1048.0,10.3,1965000.0
2023,Kitsilano,0.92,107,0,1048.0,10.3,2470100.0
2023,Kitsilano,0.92,93,0,1048.0,10.3,2610000.0
2023,Kitsilano,0.92,109,0,1048.0,10.3,2700000.0
2023,Kitsilano,0.92,94,0,1048.0,10.3,2958000.0
2023,Kitsilano,0.92,3,0,1048.0,10.3,3952000.0
2023,Kitsilano,0.92,81,0,1048.0,10.3,3258100.0
2023,Kitsilano,0.92,21,1,1048.0,10.3,1856000.0
2023,Kitsilano,0.92,11,0,1048.0,10.3,4219000.0
2023,Kitsilano,0.92,94,0,1048.0,10.3,2781000.0
2023,Downtown,1.43,20,1,1048.0,10.3,993000.0
2023,Downtown,1.43,18,1,1048.0,10.3,658000.0
2023,Downtown,1.43,18,1,1048.0,10.3,661000.0
2023,Downtown,1.43,24,1,1048.0,10.3,1076463.0
2023,Downtown,1.43,24,1,1048.0,10.3,699000.0
2023,Downtown,1.43,18,1,1048.0,10.3,687000.0
2023,Downtown,1.43,21,1,1048.0,10.3,602000.0
2023,Downtown,1.43,21,1,1048.0,10.3,669000.0
2023,Downtown,1.43,28,1,1048.0,10.3,877000.0
2023,Downtown,1.43,33,1,1048.0,10.3,962261.0
2023,Downtown,1.43,25,1,1048.0,10.3,671000.0
2023,Downtown,1.43,28,1,1048.0,10.3,886000.0
2023,Downtown,1.43,25,1,1048.0,10.3,1221000.0
2021,West End,0.57,24,1,1140.4,10.6,713000.0
2023,Kitsilano,0.92,27,1,1048.0,10.3,878000.0
2023,Kitsilano,0.92,28,1,1048.0,10.3,594000.0
2023,Kitsilano,0.92,27,1,1048.0,10.3,675000.0
2023,Kitsilano,0.92,27,1,1048.0,10.3,646000.0
2023,Kitsilano,0.92,28,1,1048.0,10.3,545528.0
2023,Kitsilano,0.92,27,1,1048.0,10.3,519000.0
2023,Kitsilano,0.92,27,1,1048.0,10.3,658000.0
2023,Kitsilano,0.92,27,1,1048.0,10.3,635000.0
2023,Kitsilano,0.92,91,0,1048.0,10.3,3476000.0
2023,Kitsilano,0.92,40,0,1048.0,10.3,2609000.0
2023,Dunbar-Southlands,3.76,11,0,1048.0,10.3,3598000.0
2023,Kitsilano,0.92,92,0,1048.0,10.3,2621000.0
2023,Dunbar-Southlands,3.76,78,0,1048.0,10.3,1976300.0
2023,Kitsilano,0.92,25,1,1048.0,10.3,536800.0
2023,Kitsilano,0.92,27,1,1048.0,10.3,653000.0
2023,Kitsilano,0.92,25,1,1048.0,10.3,536800.0
2023,Kitsilano,0.92,56,0,1048.0,10.3,4138300.0
2023,Kitsilano,0.92,28,1,1048.0,10.3,710000.0
2023,Kitsilano,0.92,29,1,1048.0,10.3,992000.0
2023,Kitsilano,0.92,24,1,1048.0,10.3,647000.0
2023,Kitsilano,0.92,34,1,1048.0,10.3,769000.0
2023,Kitsilano,0.92,50,1,1048.0,10.3,598300.0
2023,Dunbar-Southlands,3.76,86,0,1048.0,10.3,2095200.0
2023,Kitsilano,0.92,33,1,1048.0,10.3,2305000.0
2023,Kitsilano,0.92,101,1,1048.0,10.3,730000.0
2023,Dunbar-Southlands,3.76,35,0,1048.0,10.3,3654000.0
2023,Dunbar-Southlands,3.76,93,0,1048.0,10.3,1880200.0
2023,Dunbar-Southlands,3.76,77,0,1048.0,10.3,3800000.0
2023,Kitsilano,0.92,77,0,1048.0,10.3,2812900.0
2021,Arbutus Ridge,3.05,58,0,1140.4,10.6,2637000.0
2023,Kitsilano,0.92,23,1,1048.0,10.3,876000.0
2023,Kitsilano,0.92,56,1,1048.0,10.3,633600.0
2023,Kitsilano,0.92,34,1,1048.0,10.3,704000.0
2023,Kitsilano,0.92,103,0,1048.0,10.3,2750000.0
2023,Kitsilano,0.92,56,1,1048.0,10.3,513900.0
2023,Kitsilano,0.92,103,1,1048.0,10.3,1590000.0
2023,Kitsilano,0.92,99,1,1048.0,10.3,1194000.0
2023,Kitsilano,0.92,102,0,1048.0,10.3,2536000.0
2023,Kitsilano,0.92,95,0,1048.0,10.3,2883000.0
2023,Kitsilano,0.92,113,0,1048.0,10.3,2391100.0
2023,Kitsilano,0.92,47,1,1048.0,10.3,503400.0
2023,West End,0.57,32,1,1048.0,10.3,1682000.0
2023,Downtown,1.43,24,1,1048.0,10.3,509000.0
2023,Downtown,1.43,26,1,1048.0,10.3,610000.0
2023,West End,0.57,20,0,1048.0,10.3,1874000.0
2023,West End,0.57,25,1,1048.0,10.3,630000.0
2023,Fairview,1.75,10,1,1048.0,10.3,1547000.0
2023,Mount Pleasant,3.31,14,1,1048.0,10.3,776000.0
2023,Renfrew-Collingwood,7.85,7,1,1048.0,10.3,769000.0
2023,Renfrew-Collingwood,7.85,7,1,1048.0,10.3,1141000.0
2023,Mount Pleasant,3.31,14,1,1048.0,10.3,1577000.0
2023,Renfrew-Collingwood,7.85,5,1,1048.0,10.3,1081000.0
2023,Kitsilano,0.92,24,1,1048.0,10.3,1951000.0
2023,Kitsilano,0.92,51,1,1048.0,10.3,699100.0
2023,Kitsilano,0.92,48,1,1048.0,10.3,603800.0
2023,Dunbar-Southlands,3.76,35,0,1048.0,10.3,2779000.0
2023,Dunbar-Southlands,3.76,94,0,1048.0,10.3,2663000.0
2023,Dunbar-Southlands,3.76,95,0,1048.0,10.3,2611000.0
2023,Dunbar-Southlands,3.76,29,0,1048.0,10.3,2642000.0
2023,Dunbar-Southlands,3.76,97,0,1048.0,10.3,2507200.0
2023,Dunbar-Southlands,3.76,95,0,1048.0,10.3,2820000.0
2023,Dunbar-Southlands,3.76,93,0,1048.0,10.3,3728000.0
2023,Kitsilano,0.92,33,1,1048.0,10.3,2093000.0
2023,Kitsilano,0.92,38,1,1048.0,10.3,662900.0
2023,Kitsilano,0.92,33,1,1048.0,10.3,803000.0
2023,Kitsilano,0.92,30,1,1048.0,10.3,943000.0
2023,Dunbar-Southlands,3.76,29,0,1048.0,10.3,3345000.0
2023,Dunbar-Southlands,3.76,8,0,1048.0,10.3,4089000.0
2023,Dunbar-Southlands,3.76,98,0,1048.0,10.3,2553100.0
2023,Dunbar-Southlands,3.76,99,0,1048.0,10.3,2530700.0
2023,Dunbar-Southlands,3.76,98,0,1048.0,10.3,2905200.0
2023,Dunbar-Southlands,3.76,91,0,1048.0,10.3,3751500.0
2023,Dunbar-Southlands,3.76,52,0,1048.0,10.3,2829000.0
2023,Dunbar-Southlands,3.76,85,0,1048.0,10.3,2510800.0
2023,Dunbar-Southlands,3.76,95,0,1048.0,10.3,2432100.0
2023,Dunbar-Southlands,3.76,40,1,1048.0,10.3,1153000.0
2023,West End,0.57,46,1,1048.0,10.3,727100.0
2023,Downtown,1.43,24,1,1048.0,10.3,716000.0
2023,West End,0.57,113,0,1048.0,10.3,1938000.0
2023,Downtown,1.43,24,1,1048.0,10.3,670000.0
2023,Downtown,1.43,25,1,1048.0,10.3,1041000.0
2023,Kitsilano,0.92,92,0,1048.0,10.3,2903800.0
2023,Kitsilano,0.92,46,1,1048.0,10.3,688400.0
2023,Kerrisdale,5.6,35,0,1048.0,10.3,1850000.0
2023,Downtown,1.43,24,1,1048.0,10.3,256086.0
2023,West End,0.57,29,1,1048.0,10.3,1372000.0
2023,Downtown,1.43,113,0,1048.0,10.3,2376200.0
2023,Downtown,1.43,24,1,1048.0,10.3,793000.0
2023,Downtown,1.43,29,1,1048.0,10.3,1354000.0
2023,Downtown,1.43,25,1,1048.0,10.3,788410.0
2023,Downtown,1.43,24,1,1048.0,10.3,1300000.0
2023,Downtown,1.43,24,1,1048.0,10.3,287000.0
2023,Downtown,1.43,74,0,1048.0,10.3,2135200.0
2023,Downtown,1.43,28,1,1048.0,10.3,863000.0
2023,Downtown,1.43,3,1,1048.0,10.3,751000.0
2023,Dunbar-Southlands,3.76,38,1,1048.0,10.3,824800.0
2023,Dunbar-Southlands,3.76,25,1,1048.0,10.3,1010600.0
2023,Marpole,7.34,9,1,1048.0,10.3,866000.0
2023,Marpole,7.34,7,1,1048.0,10.3,857000.0
2023,Mount Pleasant,3.31,10,1,1048.0,10.3,1328000.0
2023,Downtown,1.43,2,1,1048.0,10.3,2567300.0
2023,Kitsilano,0.92,6,1,1048.0,10.3,1887000.0
2023,Dunbar-Southlands,3.76,21,0,1048.0,10.3,3352000.0
2023,Dunbar-Southlands,3.76,92,0,1048.0,10.3,2549300.0
2023,Dunbar-Southlands,3.76,99,0,1048.0,10.3,2615000.0
2023,Dunbar-Southlands,3.76,96,0,1048.0,10.3,2503500.0
2023,Dunbar-Southlands,3.76,44,0,1048.0,10.3,2614000.0
2023,Dunbar-Southlands,3.76,36,0,1048.0,10.3,3708000.0
2023,Dunbar-Southlands,3.76,10,0,1048.0,10.3,3882000.0
2023,Fairview,1.75,39,1,1048.0,10.3,1204000.0
2023,Fairview,1.75,33,1,1048.0,10.3,1033000.0
2023,Fairview,1.75,33,1,1048.0,10.3,1035000.0
2023,Fairview,1.75,33,1,1048.0,10.3,1009000.0
2023,Fairview,1.75,31,1,1048.0,10.3,1257000.0
2023,Fairview,1.75,45,1,1048.0,10.3,465600.0
2023,Fairview,1.75,37,1,1048.0,10.3,954000.0
2023,Fairview,1.75,49,1,1048.0,10.3,629500.0
2023,Fairview,1.75,39,1,1048.0,10.3,431000.0
2023,Fairview,1.75,39,1,1048.0,10.3,513800.0
2023,Fairview,1.75,49,1,1048.0,10.3,892200.0
2023,Fairview,1.75,48,1,1048.0,10.3,973500.0
2023,Fairview,1.75,42,1,1048.0,10.3,647000.0
2023,Fairview,1.75,51,1,1048.0,10.3,684000.0
2023,Fairview,1.75,52,1,1048.0,10.3,502200.0
2023,Fairview,1.75,52,1,1048.0,10.3,578000.0
2023,Fairview,1.75,32,1,1048.0,10.3,588000.0
2023,Renfrew-Collingwood,7.85,75,0,1048.0,10.3,1660100.0
2023,Renfrew-Collingwood,7.85,34,0,1048.0,10.3,2361000.0
2023,Renfrew-Collingwood,7.85,11,0,1048.0,10.3,3153000.0
2023,Renfrew-Collingwood,7.85,70,1,1048.0,10.3,1351900.0
2023,Downtown,1.43,24,1,1048.0,10.3,674000.0
2023,Downtown,1.43,24,1,1048.0,10.3,316000.0
2023,West End,0.57,32,1,1048.0,10.3,1644000.0
2023,West End,0.57,32,1,1048.0,10.3,1576000.0
2023,West End,0.57,25,1,1048.0,10.3,622000.0
2023,West End,0.57,25,1,1048.0,10.3,501000.0
2023,Downtown,1.43,25,1,1048.0,10.3,695000.0
2023,Downtown,1.43,2,1,1048.0,10.3,2867200.0
2023,Mount Pleasant,3.31,10,1,1048.0,10.3,691000.0
2023,Downtown,1.43,2,1,1048.0,10.3,2307300.0
2023,Riley Park,4.58,6,1,1048.0,10.3,791000.0
2023,Downtown,1.43,15,1,1048.0,10.3,931000.0
2023,Downtown,1.43,15,1,1048.0,10.3,943000.0
2023,Kensington-Cedar Cottage,5.89,6,1,1048.0,10.3,1309000.0
2023,Mount Pleasant,3.31,10,1,1048.0,10.3,703000.0
2023,Downtown,1.43,2,1,1048.0,10.3,768300.0
2023,Downtown,1.43,24,1,1048.0,10.3,949000.0
2023,West End,0.57,30,1,1048.0,10.3,3646000.0
2023,West End,0.57,111,1,1048.0,10.3,636000.0
2023,Downtown,1.43,26,1,1048.0,10.3,581000.0
2023,West End,0.57,42,1,1048.0,10.3,1073649.0
2023,Downtown,1.43,25,1,1048.0,10.3,864000.0
2023,West End,0.57,111,1,1048.0,10.3,536500.0
2023,Downtown,1.43,23,1,1048.0,10.3,803000.0
2023,Downtown,1.43,25,1,1048.0,10.3,921000.0
2023,West End,0.57,49,1,1048.0,10.3,577000.0
2023,West End,0.57,29,1,1048.0,10.3,1044000.0
2023,West End,0.57,27,1,1048.0,10.3,892000.0
2023,West End,0.57,40,1,1048.0,10.3,573200.0
2023,West End,0.57,33,1,1048.0,10.3,1556000.0
2023,West End,0.57,35,1,1048.0,10.3,1033000.0
2023,Downtown,1.43,25,1,1048.0,10.3,793000.0
2023,Downtown,1.43,21,1,1048.0,10.3,681000.0
2023,Downtown,1.43,27,1,1048.0,10.3,665000.0
2023,Downtown,1.43,23,1,1048.0,10.3,608000.0
2023,Downtown,1.43,18,1,1048.0,10.3,971000.0
2023,Downtown,1.43,20,1,1048.0,10.3,660000.0
2023,Downtown,1.43,20,1,1048.0,10.3,1343000.0
2023,Downtown,1.43,33,1,1048.0,10.3,849000.0
2023,Downtown,1.43,18,1,1048.0,10.3,648000.0
2023,Killarney,10.0,6,1,1048.0,10.3,2208825.0
2023,Downtown,1.43,10,1,1048.0,10.3,1563000.0
2023,Renfrew-Collingwood,7.85,17,1,1048.0,10.3,547000.0
2023,Renfrew-Collingwood,7.85,17,1,1048.0,10.3,514000.0
2023,Renfrew-Collingwood,7.85,17,1,1048.0,10.3,792000.0
2023,Fairview,1.75,13,1,1048.0,10.3,651000.0
2023,Mount Pleasant,3.31,6,1,1048.0,10.3,720000.0
2023,Kensington-Cedar Cottage,5.89,10,1,1048.0,10.3,560000.0
2023,Kensington-Cedar Cottage,5.89,10,1,1048.0,10.3,546000.0
2023,Riley Park,4.58,8,1,1048.0,10.3,794000.0
2023,Kensington-Cedar Cottage,5.89,8,0,1048.0,10.3,2837000.0
2023,Kensington-Cedar Cottage,5.89,13,0,1048.0,10.3,2634000.0
2023,Riley Park,4.58,3,1,1048.0,10.3,1116000.0
2023,Kitsilano,0.92,16,1,1048.0,10.3,903000.0
2023,Mount Pleasant,3.31,6,1,1048.0,10.3,706000.0
2023,Renfrew-Collingwood,7.85,10,1,1048.0,10.3,488000.0
2023,Kitsilano,0.92,6,1,1048.0,10.3,822000.0
2023,Mount Pleasant,3.31,4,1,1048.0,10.3,837000.0
2023,Killarney,10.0,2,1,1048.0,10.3,1361000.0
2023,Downtown,1.43,6,1,1048.0,10.3,753000.0
2023,Downtown,1.43,6,1,1048.0,10.3,620000.0
2023,Mount Pleasant,3.31,14,1,1048.0,10.3,650000.0
2023,Mount Pleasant,3.31,13,1,1048.0,10.3,2865472.0
2023,Dunbar-Southlands,3.76,96,0,1048.0,10.3,3353600.0
2023,Dunbar-Southlands,3.76,48,0,1048.0,10.3,2430400.0
2023,Dunbar-Southlands,3.76,92,0,1048.0,10.3,3623000.0
2023,Dunbar-Southlands,3.76,102,0,1048.0,10.3,3480000.0
2023,Dunbar-Southlands,3.76,4,0,1048.0,10.3,3723000.0
2023,Dunbar-Southlands,3.76,100,0,1048.0,10.3,3488000.0
2023,Dunbar-Southlands,3.76,89,0,1048.0,10.3,2585000.0
2023,Dunbar-Southlands,3.76,113,0,1048.0,10.3,2933100.0
2023,Dunbar-Southlands,3.76,84,0,1048.0,10.3,2917300.0
2023,Mount Pleasant,3.31,4,1,1048.0,10.3,817000.0
2023,Mount Pleasant,3.31,4,1,1048.0,10.3,839000.0
2023,Killarney,10.0,2,1,1048.0,10.3,964000.0
2023,Downtown,1.43,16,1,1048.0,10.3,1565000.0
2023,Mount Pleasant,3.31,10,1,1048.0,10.3,648959.0
2023,Mount Pleasant,3.31,10,1,1048.0,10.3,890335.0
2023,West Point Grey,1.05,33,1,1048.0,10.3,969000.0
2023,Downtown,1.43,16,1,1048.0,10.3,1006000.0
2023,Downtown,1.43,16,1,1048.0,10.3,1135000.0
2023,Downtown,1.43,16,1,1048.0,10.3,1152000.0
2023,Downtown,1.43,16,1,1048.0,10.3,1046000.0
2023,Kerrisdale,5.6,5,1,1048.0,10.3,1087000.0
2023,Riley Park,4.58,3,1,1048.0,10.3,1466000.0
2023,Downtown,1.43,17,1,1048.0,10.3,664000.0
2023,Downtown,1.43,18,1,1048.0,10.3,2968000.0
2023,Renfrew-Collingwood,7.85,6,1,1048.0,10.3,702000.0
2023,Kitsilano,0.92,15,1,1048.0,10.3,716000.0
2023,Marpole,7.34,6,1,1048.0,10.3,1313000.0
2023,Renfrew-Collingwood,7.85,10,1,1048.0,10.3,472000.0
2023,Kensington-Cedar Cottage,5.89,10,1,1048.0,10.3,1152000.0
2023,Downtown,1.43,15,1,1048.0,10.3,632000.0
2023,Downtown,1.43,17,1,1048.0,10.3,811000.0
2023,Downtown,1.43,17,1,1048.0,10.3,754000.0
2023,Grandview-Woodland,5.05,18,1,1048.0,10.3,1695956.0
2023,Fairview,1.75,9,1,1048.0,10.3,758000.0
2023,Killarney,10.0,10,1,1048.0,10.3,743000.0
2023,Grandview-Woodland,5.05,27,1,1048.0,10.3,1245000.0
2023,Killarney,10.0,10,1,1048.0,10.3,794000.0
2023,Renfrew-Collingwood,7.85,5,1,1048.0,10.3,593000.0
2023,Kensington-Cedar Cottage,5.89,11,1,1048.0,10.3,1502000.0
2023,Kensington-Cedar Cottage,5.89,11,1,1048.0,10.3,1289000.0
2023,Fairview,1.75,16,1,1048.0,10.3,1000000.0
2023,Riley Park,4.58,3,1,1048.0,10.3,841000.0
2023,Renfrew-Collingwood,7.85,5,1,1048.0,10.3,559000.0
2023,Kerrisdale,5.6,72,0,1048.0,10.3,2807400.0
2023,Kerrisdale,5.6,26,0,1048.0,10.3,3219000.0
2023,Kerrisdale,5.6,35,1,1048.0,10.3,2260000.0
2023,Fairview,1.75,30,1,1048.0,10.3,960000.0
2023,Fairview,1.75,37,1,1048.0,10.3,2808000.0
2023,Fairview,1.75,33,1,1048.0,10.3,1283000.0
2023,Fairview,1.75,39,1,1048.0,10.3,1254000.0
2023,Fairview,1.75,33,1,1048.0,10.3,771000.0
2023,Fairview,1.75,40,1,1048.0,10.3,1045000.0
2023,Fairview,1.75,33,1,1048.0,10.3,712200.0
2023,Fairview,1.75,31,1,1048.0,10.3,1083000.0
2023,Fairview,1.75,45,1,1048.0,10.3,460100.0
2023,Fairview,1.75,45,1,1048.0,10.3,331300.0
2023,Renfrew-Collingwood,7.85,14,0,1048.0,10.3,2463000.0
2023,Renfrew-Collingwood,7.85,113,0,1048.0,10.3,1438300.0
2023,Renfrew-Collingwood,7.85,29,1,1048.0,10.3,550000.0
2023,Renfrew-Collingwood,7.85,29,1,1048.0,10.3,424000.0
2023,Renfrew-Collingwood,7.85,29,1,1048.0,10.3,444000.0
2023,Renfrew-Collingwood,7.85,57,0,1048.0,10.3,1483800.0
2023,Renfrew-Collingwood,7.85,51,0,1048.0,10.3,1528900.0
2023,Renfrew-Collingwood,7.85,28,0,1048.0,10.3,2099000.0
2023,Kitsilano,0.92,95,0,1048.0,10.3,2624000.0
2023,Kitsilano,0.92,31,0,1048.0,10.3,2753000.0
2023,Kitsilano,0.92,20,0,1048.0,10.3,4230000.0
2023,Kitsilano,0.92,10,0,1048.0,10.3,3684000.0
2023,Kitsilano,0.92,15,0,1048.0,10.3,3367000.0
2023,Kitsilano,0.92,111,0,1048.0,10.3,2252000.0
2023,Kitsilano,0.92,111,1,1048.0,10.3,1025600.0
2023,Kitsilano,0.92,26,1,1048.0,10.3,891000.0
2023,Kitsilano,0.92,95,0,1048.0,10.3,2487600.0
2023,Fairview,1.75,34,1,1048.0,10.3,925481.0
2023,Fairview,1.75,23,1,1048.0,10.3,1412000.0
2021,Killarney,10.0,45,0,1140.4,10.6,1770000.0
2021,Hastings-Sunrise,6.96,28,0,1140.4,10.6,1564000.0
2023,Dunbar-Southlands,3.76,96,0,1048.0,10.3,3511300.0
2023,Dunbar-Southlands,3.76,96,0,1048.0,10.3,3098000.0
2023,Dunbar-Southlands,3.76,31,0,1048.0,10.3,3099000.0
2023,Dunbar-Southlands,3.76,39,0,1048.0,10.3,2588000.0
2023,Dunbar-Southlands,3.76,98,0,1048.0,10.3,3864000.0
2023,Dunbar-Southlands,3.76,36,0,1048.0,10.3,3939000.0
2023,Dunbar-Southlands,3.76,84,0,1048.0,10.3,4201000.0
2023,Arbutus Ridge,3.05,50,1,1048.0,10.3,651000.0
2023,Arbutus Ridge,3.05,20,1,1048.0,10.3,1459000.0
2023,Downtown,1.43,17,1,1048.0,10.3,966000.0
2023,Fairview,1.75,39,1,1048.0,10.3,614000.0
2023,Fairview,1.75,45,1,1048.0,10.3,962800.0
2023,Fairview,1.75,39,1,1048.0,10.3,604000.0
2023,Fairview,1.75,38,1,1048.0,10.3,979000.0
2023,Fairview,1.75,39,1,1048.0,10.3,608000.0
2023,Fairview,1.75,27,1,1048.0,10.3,630000.0
2023,Fairview,1.75,47,1,1048.0,10.3,1565200.0
2023,Fairview,1.75,27,1,1048.0,10.3,593000.0
2023,Dunbar-Southlands,3.76,30,0,1048.0,10.3,2753000.0
2023,Dunbar-Southlands,3.76,95,0,1048.0,10.3,4303000.0
2023,Dunbar-Southlands,3.76,16,0,1048.0,10.3,4120000.0
2023,Dunbar-Southlands,3.76,96,0,1048.0,10.3,2517400.0
2023,Dunbar-Southlands,3.76,46,0,1048.0,10.3,2963000.0
2023,Dunbar-Southlands,3.76,38,0,1048.0,10.3,3877000.0
2023,Dunbar-Southlands,3.76,96,0,1048.0,10.3,3649200.0
2023,Dunbar-Southlands,3.76,39,0,1048.0,10.3,4033000.0
2023,Dunbar-Southlands,3.76,42,0,1048.0,10.3,3268000.0
2023,Dunbar-Southlands,3.76,82,0,1048.0,10.3,3661000.0
2023,Dunbar-Southlands,3.76,30,0,1048.0,10.3,3999000.0
2023,Arbutus Ridge,3.05,79,0,1048.0,10.3,3812500.0
2023,Arbutus Ridge,3.05,90,0,1048.0,10.3,3425600.0
2023,Arbutus Ridge,3.05,50,1,1048.0,10.3,597000.0
2023,Arbutus Ridge,3.05,17,0,1048.0,10.3,4373000.0
2023,Arbutus Ridge,3.05,28,0,1048.0,10.3,2874000.0
2023,Arbutus Ridge,3.05,84,0,1048.0,10.3,3600800.0
2023,Arbutus Ridge,3.05,22,1,1048.0,10.3,943000.0
2023,Arbutus Ridge,3.05,34,0,1048.0,10.3,3530000.0
2023,Arbutus Ridge,3.05,22,1,1048.0,10.3,715000.0
2023,Arbutus Ridge,3.05,45,1,1048.0,10.3,1474000.0
2021,Victoria-Fraserview,8.47,70,0,1140.4,10.6,1514100.0
2023,Arbutus Ridge,3.05,75,0,1048.0,10.3,2999200.0
2023,Arbutus Ridge,3.05,22,1,1048.0,10.3,944000.0
2023,Arbutus Ridge,3.05,83,0,1048.0,10.3,3811000.0
2023,Arbutus Ridge,3.05,44,1,1048.0,10.3,1851000.0
2023,Dunbar-Southlands,3.76,96,0,1048.0,10.3,3858300.0
2023,Arbutus Ridge,3.05,45,1,1048.0,10.3,1288500.0
2023,Arbutus Ridge,3.05,65,0,1048.0,10.3,3824000.0
2023,Arbutus Ridge,3.05,22,1,1048.0,10.3,719000.0
2023,Arbutus Ridge,3.05,70,0,1048.0,10.3,3451407.0
2023,Arbutus Ridge,3.05,15,0,1048.0,10.3,3390000.0
2023,Arbutus Ridge,3.05,27,0,1048.0,10.3,3786000.0
2023,Arbutus Ridge,3.05,5,0,1048.0,10.3,3616000.0
2023,Arbutus Ridge,3.05,29,0,1048.0,10.3,2679000.0
2023,Arbutus Ridge,3.05,47,0,1048.0,10.3,2483300.0
2023,Arbutus Ridge,3.05,18,1,1048.0,10.3,1171000.0
2021,Shaughnessy,3.33,29,0,1140.4,10.6,3502000.0
2023,Arbutus Ridge,3.05,34,0,1048.0,10.3,2619000.0
2023,Arbutus Ridge,3.05,92,0,1048.0,10.3,2731000.0
2023,Arbutus Ridge,3.05,27,0,1048.0,10.3,4333000.0
2023,Arbutus Ridge,3.05,69,0,1048.0,10.3,3315000.0
2023,Arbutus Ridge,3.05,28,0,1048.0,10.3,2879000.0
2023,Arbutus Ridge,3.05,25,0,1048.0,10.3,3859000.0
2023,Arbutus Ridge,3.05,60,0,1048.0,10.3,2485000.0
2023,Arbutus Ridge,3.05,43,0,1048.0,10.3,2380000.0
2023,Fairview,1.75,28,1,1048.0,10.3,1024000.0
2023,Fairview,1.75,34,1,1048.0,10.3,642000.0
2023,Fairview,1.75,34,1,1048.0,10.3,648000.0
2023,Fairview,1.75,46,1,1048.0,10.3,707200.0
2023,Fairview,1.75,50,1,1048.0,10.3,724600.0
2023,Fairview,1.75,34,1,1048.0,10.3,889009.0
2023,Kensington-Cedar Cottage,5.89,15,0,1048.0,10.3,1713000.0
2023,Hastings-Sunrise,6.96,31,1,1048.0,10.3,379900.0
2023,Hastings-Sunrise,6.96,78,0,1048.0,10.3,1597700.0
2023,Kensington-Cedar Cottage,5.89,59,0,1048.0,10.3,1669400.0
2023,Kensington-Cedar Cottage,5.89,46,0,1048.0,10.3,1635700.0
2023,Kensington-Cedar Cottage,5.89,57,0,1048.0,10.3,2018700.0
2023,Hastings-Sunrise,6.96,29,1,1048.0,10.3,1171000.0
2023,Kensington-Cedar Cottage,5.89,28,0,1048.0,10.3,1864000.0
2023,Hastings-Sunrise,6.96,93,0,1048.0,10.3,1508400.0
2023,Hastings-Sunrise,6.96,96,0,1048.0,10.3,1800000.0
2023,Hastings-Sunrise,6.96,110,0,1048.0,10.3,2326000.0
2023,Hastings-Sunrise,6.96,21,0,1048.0,10.3,1866000.0
2023,Hastings-Sunrise,6.96,37,0,1048.0,10.3,2276000.0
2023,Hastings-Sunrise,6.96,105,0,1048.0,10.3,1743000.0
2023,Oakridge,5.77,18,1,1048.0,10.3,1411000.0
2023,Oakridge,5.77,23,0,1048.0,10.3,2324000.0
2023,Oakridge,5.77,83,0,1048.0,10.3,2268700.0
2023,Oakridge,5.77,98,0,1048.0,10.3,2277300.0
2023,Arbutus Ridge,3.05,18,1,1048.0,10.3,754000.0
2023,Arbutus Ridge,3.05,84,0,1048.0,10.3,2442900.0
2023,Arbutus Ridge,3.05,19,0,1048.0,10.3,3078000.0
2023,Arbutus Ridge,3.05,76,0,1048.0,10.3,3335900.0
2023,Arbutus Ridge,3.05,77,0,1048.0,10.3,2437600.0
2023,Arbutus Ridge,3.05,86,0,1048.0,10.3,2749000.0
2023,Arbutus Ridge,3.05,79,0,1048.0,10.3,3848000.0
2023,Oakridge,5.77,6,0,1048.0,10.3,4137000.0
2023,Oakridge,5.77,58,0,1048.0,10.3,3213000.0
2023,Oakridge,5.77,61,0,1048.0,10.3,3299400.0
2023,Oakridge,5.77,44,1,1048.0,10.3,3042007.0
2023,Oakridge,5.77,34,0,1048.0,10.3,2061000.0
2023,Oakridge,5.77,79,0,1048.0,10.3,2760900.0
2023,Oakridge,5.77,66,0,1048.0,10.3,3174000.0
2023,Oakridge,5.77,66,0,1048.0,10.3,3161000.0
2023,Oakridge,5.77,65,0,1048.0,10.3,3155000.0
2023,Oakridge,5.77,21,1,1048.0,10.3,1356000.0
2023,Shaughnessy,3.33,54,1,1048.0,10.3,982700.0
2023,Shaughnessy,3.33,99,0,1048.0,10.3,3574400.0
2023,Shaughnessy,3.33,57,0,1048.0,10.3,3706000.0
2023,Kitsilano,0.92,6,1,1048.0,10.3,736000.0
2023,Downtown,1.43,2,1,1048.0,10.3,2621300.0
2023,Hastings-Sunrise,6.96,6,1,1048.0,10.3,734000.0
2023,Downtown,1.43,15,1,1048.0,10.3,801000.0
2023,Riley Park,4.58,6,1,1048.0,10.3,707000.0
2023,Riley Park,4.58,6,1,1048.0,10.3,778000.0
2023,Kitsilano,0.92,6,1,1048.0,10.3,1416000.0
2023,Mount Pleasant,3.31,10,1,1048.0,10.3,687000.0
2023,Kensington-Cedar Cottage,5.89,29,1,1048.0,10.3,496000.0
2023,Kensington-Cedar Cottage,5.89,27,1,1048.0,10.3,987000.0
2023,Kensington-Cedar Cottage,5.89,59,0,1048.0,10.3,1691500.0
2023,Kensington-Cedar Cottage,5.89,103,0,1048.0,10.3,2411100.0
2023,Kensington-Cedar Cottage,5.89,45,1,1048.0,10.3,500900.0
2023,Kensington-Cedar Cottage,5.89,90,0,1048.0,10.3,1972900.0
2023,Kensington-Cedar Cottage,5.89,113,0,1048.0,10.3,1993000.0
2023,Arbutus Ridge,3.05,27,0,1048.0,10.3,2976000.0
2023,Arbutus Ridge,3.05,87,0,1048.0,10.3,3480000.0
2023,Arbutus Ridge,3.05,35,0,1048.0,10.3,3571000.0
2023,Kitsilano,0.92,25,1,1048.0,10.3,841000.0
2023,Kitsilano,0.92,26,1,1048.0,10.3,771000.0
2023,Kitsilano,0.92,26,1,1048.0,10.3,726000.0
2023,Kitsilano,0.92,19,1,1048.0,10.3,973000.0
2023,Arbutus Ridge,3.05,60,0,1048.0,10.3,3430000.0
2023,Arbutus Ridge,3.05,86,0,1048.0,10.3,2648700.0
2023,Arbutus Ridge,3.05,16,0,1048.0,10.3,4273000.0
2023,Arbutus Ridge,3.05,7,0,1048.0,10.3,4094000.0
2023,Arbutus Ridge,3.05,27,1,1048.0,10.3,1885606.0
2023,Arbutus Ridge,3.05,29,0,1048.0,10.3,3197000.0
2023,Arbutus Ridge,3.05,32,1,1048.0,10.3,1701000.0
2023,Arbutus Ridge,3.05,32,1,1048.0,10.3,1746000.0
2023,Sunset,7.52,29,0,1048.0,10.3,2098000.0
2023,Sunset,7.52,58,0,1048.0,10.3,1851200.0
2023,Sunset,7.52,65,0,1048.0,10.3,2166500.0
2023,Sunset,7.52,53,0,1048.0,10.3,1820000.0
2023,Renfrew-Collingwood,7.85,65,0,1048.0,10.3,1463600.0
2023,Renfrew-Collingwood,7.85,43,0,1048.0,10.3,1637000.0
2023,Renfrew-Collingwood,7.85,14,0,1048.0,10.3,2518000.0
2023,Renfrew-Collingwood,7.85,23,0,1048.0,10.3,1993000.0
2023,Renfrew-Collingwood,7.85,75,0,1048.0,10.3,1679900.0
2023,Renfrew-Collingwood,7.85,74,0,1048.0,10.3,1524500.0
2023,Renfrew-Collingwood,7.85,35,0,1048.0,10.3,1685000.0
2023,Renfrew-Collingwood,7.85,93,0,1048.0,10.3,1653900.0
2023,Renfrew-Collingwood,7.85,76,0,1048.0,10.3,1634400.0
2023,Renfrew-Collingwood,7.85,34,0,1048.0,10.3,1800000.0
2023,Grandview-Woodland,5.05,37,0,1048.0,10.3,1943000.0
2023,Grandview-Woodland,5.05,75,0,1048.0,10.3,1730000.0
2023,Grandview-Woodland,5.05,45,1,1048.0,10.3,500300.0
2023,Grandview-Woodland,5.05,45,1,1048.0,10.3,411400.0
2023,Grandview-Woodland,5.05,110,0,1048.0,10.3,1667462.0
2023,Kensington-Cedar Cottage,5.89,94,0,1048.0,10.3,1635700.0
2023,Arbutus Ridge,3.05,52,0,1048.0,10.3,2376400.0
2023,Arbutus Ridge,3.05,22,1,1048.0,10.3,2142734.0
2023,Arbutus Ridge,3.05,20,1,1048.0,10.3,734000.0
2023,Arbutus Ridge,3.05,20,1,1048.0,10.3,718000.0
2023,Arbutus Ridge,3.05,23,1,1048.0,10.3,1658000.0
2023,Arbutus Ridge,3.05,23,1,1048.0,10.3,2076000.0
2023,Arbutus Ridge,3.05,29,1,1048.0,10.3,929000.0
2023,Arbutus Ridge,3.05,31,0,1048.0,10.3,3483000.0
2023,Arbutus Ridge,3.05,98,0,1048.0,10.3,3589000.0
2023,Arbutus Ridge,3.05,50,1,1048.0,10.3,672000.0
2023,Arbutus Ridge,3.05,37,1,1048.0,10.3,1219000.0
2023,Arbutus Ridge,3.05,58,0,1048.0,10.3,3185000.0
2023,Arbutus Ridge,3.05,12,0,1048.0,10.3,4326000.0
2023,Arbutus Ridge,3.05,46,0,1048.0,10.3,2904000.0
2023,Arbutus Ridge,3.05,59,0,1048.0,10.3,3703000.0
2023,Arbutus Ridge,3.05,31,0,1048.0,10.3,3074000.0
2023,Fairview,1.75,48,1,1048.0,10.3,671300.0
2023,Fairview,1.75,40,1,1048.0,10.3,634500.0
2023,Fairview,1.75,103,0,1048.0,10.3,3229300.0
2023,Fairview,1.75,23,1,1048.0,10.3,2.0
2023,Fairview,1.75,51,1,1048.0,10.3,757100.0
2023,Fairview,1.75,50,1,1048.0,10.3,496600.0
2023,Fairview,1.75,28,1,1048.0,10.3,1020000.0
2023,Fairview,1.75,42,1,1048.0,10.3,859000.0
2023,Downtown,1.43,25,1,1048.0,10.3,1201000.0
2023,Downtown,1.43,24,1,1048.0,10.3,601000.0
2023,West End,0.57,30,1,1048.0,10.3,1511000.0
2023,West End,0.57,38,1,1048.0,10.3,454000.0
2023,Downtown,1.43,24,1,1048.0,10.3,524000.0
2023,Downtown,1.43,24,1,1048.0,10.3,701000.0
2023,Downtown,1.43,29,1,1048.0,10.3,1882131.0
2023,Downtown,1.43,28,1,1048.0,10.3,1184000.0
2023,Downtown,1.43,28,1,1048.0,10.3,755000.0
2023,Downtown,1.43,3,1,1048.0,10.3,2869000.0
2023,Marpole,7.34,7,1,1048.0,10.3,546000.0
2023,Kensington-Cedar Cottage,5.89,8,1,1048.0,10.3,1693000.0
2023,Kerrisdale,5.6,14,1,1048.0,10.3,1860000.0
2023,Kerrisdale,5.6,14,1,1048.0,10.3,1697000.0
2023,Downtown,1.43,3,1,1048.0,10.3,1158000.0
2023,Grandview-Woodland,5.05,10,1,1048.0,10.3,922000.0
2023,Arbutus Ridge,3.05,102,0,1048.0,10.3,3381500.0
2023,Arbutus Ridge,3.05,85,0,1048.0,10.3,3645000.0
2023,Arbutus Ridge,3.05,108,0,1048.0,10.3,3446000.0
2023,Arbutus Ridge,3.05,34,0,1048.0,10.3,3597000.0
2023,Arbutus Ridge,3.05,6,0,1048.0,10.3,3685000.0
2023,Oakridge,5.77,8,1,1048.0,10.3,1838000.0
2023,Marpole,7.34,9,1,1048.0,10.3,2246000.0
2023,Kitsilano,0.92,6,1,1048.0,10.3,1218000.0
2023,Kitsilano,0.92,6,1,1048.0,10.3,834000.0
2023,Fairview,1.75,22,1,1048.0,10.3,2464000.0
2023,Fairview,1.75,21,1,1048.0,10.3,1249000.0
2023,Fairview,1.75,41,1,1048.0,10.3,1454600.0
2023,Fairview,1.75,23,1,1048.0,10.3,1742000.0
2023,Fairview,1.75,37,1,1048.0,10.3,796689.0
2023,Fairview,1.75,40,1,1048.0,10.3,1319000.0
2023,Fairview,1.75,32,1,1048.0,10.3,1058000.0
2023,Fairview,1.75,41,1,1048.0,10.3,1352000.0
2023,Fairview,1.75,32,1,1048.0,10.3,1301000.0
2023,Fairview,1.75,18,1,1048.0,10.3,1792000.0
2023,Fairview,1.75,18,1,1048.0,10.3,1335000.0
2023,Kitsilano,0.92,96,0,1048.0,10.3,4243000.0
2023,Fairview,1.75,46,1,1048.0,10.3,1006700.0
2023,Fairview,1.75,46,1,1048.0,10.3,997600.0
2023,Fairview,1.75,50,1,1048.0,10.3,548500.0
2023,Fairview,1.75,36,1,1048.0,10.3,902000.0
2023,Fairview,1.75,34,1,1048.0,10.3,699300.0
2023,Fairview,1.75,36,1,1048.0,10.3,744000.0
2023,Fairview,1.75,34,1,1048.0,10.3,856000.0
2023,Shaughnessy,3.33,111,1,1048.0,10.3,2891000.0
2023,Shaughnessy,3.33,47,1,1048.0,10.3,2872183.0
2023,Kensington-Cedar Cottage,5.89,50,0,1048.0,10.3,1441200.0
2023,Kensington-Cedar Cottage,5.89,96,0,1048.0,10.3,1347200.0
2023,Hastings-Sunrise,6.96,76,0,1048.0,10.3,1540300.0
2023,Kensington-Cedar Cottage,5.89,52,0,1048.0,10.3,1751700.0
2023,Kensington-Cedar Cottage,5.89,93,0,1048.0,10.3,1695000.0
2023,Kensington-Cedar Cottage,5.89,111,0,1048.0,10.3,1676200.0
2023,Hastings-Sunrise,6.96,21,0,1048.0,10.3,1999000.0
2023,Hastings-Sunrise,6.96,26,0,1048.0,10.3,1959000.0
2023,Hastings-Sunrise,6.96,77,0,1048.0,10.3,2032300.0
2023,Arbutus Ridge,3.05,22,1,1048.0,10.3,905000.0
2023,Arbutus Ridge,3.05,22,1,1048.0,10.3,852000.0
2023,Arbutus Ridge,3.05,20,1,1048.0,10.3,1599000.0
2023,Arbutus Ridge,3.05,85,0,1048.0,10.3,3015000.0
2023,Arbutus Ridge,3.05,78,0,1048.0,10.3,2731000.0
2023,Arbutus Ridge,3.05,18,0,1048.0,10.3,4519000.0
2023,Arbutus Ridge,3.05,36,0,1048.0,10.3,2625000.0
2023,Arbutus Ridge,3.05,36,0,1048.0,10.3,2644000.0
2023,Arbutus Ridge,3.05,33,0,1048.0,10.3,2672000.0
2021,Killarney,10.0,42,1,1140.4,10.6,623000.0
2023,Grandview-Woodland,5.05,43,1,1048.0,10.3,453400.0
2023,Grandview-Woodland,5.05,77,0,1048.0,10.3,1613800.0
2023,Arbutus Ridge,3.05,25,1,1048.0,10.3,1410729.0
2023,Arbutus Ridge,3.05,81,0,1048.0,10.3,2600400.0
2023,Arbutus Ridge,3.05,32,1,1048.0,10.3,3619000.0
2023,Arbutus Ridge,3.05,37,1,1048.0,10.3,1257000.0
2023,Arbutus Ridge,3.05,73,0,1048.0,10.3,4202000.0
2023,Arbutus Ridge,3.05,110,0,1048.0,10.3,3176000.0
2023,Arbutus Ridge,3.05,28,0,1048.0,10.3,3648000.0
2023,Arbutus Ridge,3.05,36,0,1048.0,10.3,2791000.0
2023,Arbutus Ridge,3.05,41,0,1048.0,10.3,3408000.0
2023,Arbutus Ridge,3.05,11,0,1048.0,10.3,4128000.0
2023,Grandview-Woodland,5.05,49,1,1048.0,10.3,684100.0
2023,Grandview-Woodland,5.05,40,1,1048.0,10.3,560000.0
2023,Grandview-Woodland,5.05,50,1,1048.0,10.3,449900.0
2023,Grandview-Woodland,5.05,33,1,1048.0,10.3,827000.0
2023,Grandview-Woodland,5.05,30,1,1048.0,10.3,630000.0
2023,Grandview-Woodland,5.05,111,0,1048.0,10.3,1816000.0
2023,Grandview-Woodland,5.05,47,1,1048.0,10.3,612600.0
2023,Grandview-Woodland,5.05,46,1,1048.0,10.3,520000.0
2023,Grandview-Woodland,5.05,29,1,1048.0,10.3,671000.0
2023,Grandview-Woodland,5.05,42,1,1048.0,10.3,391400.0
2023,Kensington-Cedar Cottage,5.89,8,1,1048.0,10.3,1255000.0
2023,Marpole,7.34,16,1,1048.0,10.3,1453000.0
2023,Downtown,1.43,10,1,1048.0,10.3,735000.0
2023,Mount Pleasant,3.31,8,1,1048.0,10.3,1105000.0
2023,Renfrew-Collingwood,7.85,10,1,1048.0,10.3,476000.0
2023,Downtown,1.43,15,1,1048.0,10.3,1113000.0
2023,Mount Pleasant,3.31,9,1,1048.0,10.3,643000.0
2023,Arbutus Ridge,3.05,75,0,1048.0,10.3,2437500.0
2023,Arbutus Ridge,3.05,86,0,1048.0,10.3,2432700.0
2023,Arbutus Ridge,3.05,35,0,1048.0,10.3,2611000.0
2023,Arbutus Ridge,3.05,12,0,1048.0,10.3,3754000.0
2023,Arbutus Ridge,3.05,80,0,1048.0,10.3,2447400.0
2023,Arbutus Ridge,3.05,18,1,1048.0,10.3,1323000.0
2023,Arbutus Ridge,3.05,28,0,1048.0,10.3,3646000.0
2023,Arbutus Ridge,3.05,35,1,1048.0,10.3,1354000.0
2021,Arbutus Ridge,3.05,25,0,1140.4,10.6,3066000.0
2021,Victoria-Fraserview,8.47,28,0,1140.4,10.6,1486000.0
2023,Grandview-Woodland,5.05,60,0,1048.0,10.3,1765200.0
2023,Grandview-Woodland,5.05,57,0,1048.0,10.3,2544400.0
2023,Arbutus Ridge,3.05,57,0,1048.0,10.3,2181400.0
2023,Kerrisdale,5.6,33,0,1048.0,10.3,3481000.0
2023,Kerrisdale,5.6,32,0,1048.0,10.3,4001000.0
2023,Grandview-Woodland,5.05,25,1,1048.0,10.3,1652645.0
2023,Grandview-Woodland,5.05,111,0,1048.0,10.3,2085000.0
2023,Grandview-Woodland,5.05,113,0,1048.0,10.3,1894000.0
2023,Grandview-Woodland,5.05,112,0,1048.0,10.3,2465800.0
2023,Grandview-Woodland,5.05,113,0,1048.0,10.3,2024000.0
2023,Grandview-Woodland,5.05,111,0,1048.0,10.3,2175000.0
2023,Grandview-Woodland,5.05,97,0,1048.0,10.3,2114000.0
2023,Grandview-Woodland,5.05,42,1,1048.0,10.3,700900.0
2023,Downtown,1.43,9,1,1048.0,10.3,2522000.0
2023,West End,0.57,12,1,1048.0,10.3,612000.0
2023,Downtown,1.43,12,1,1048.0,10.3,509000.0
2023,Downtown,1.43,12,1,1048.0,10.3,769000.0
2023,Riley Park,4.58,4,1,1048.0,10.3,1151000.0
2023,Riley Park,4.58,4,1,1048.0,10.3,891000.0
2023,Riley Park,4.58,4,1,1048.0,10.3,1566000.0
2023,Riley Park,4.58,4,1,1048.0,10.3,1434000.0
2023,Kerrisdale,5.6,30,0,1048.0,10.3,4524000.0
2023,Oakridge,5.77,70,0,1048.0,10.3,3453000.0
2023,West End,0.57,12,1,1048.0,10.3,886000.0
2023,Downtown,1.43,17,1,1048.0,10.3,536000.0
2023,Renfrew-Collingwood,7.85,12,1,1048.0,10.3,541000.0
2023,Renfrew-Collingwood,7.85,12,1,1048.0,10.3,598000.0
2023,Downtown,1.43,17,1,1048.0,10.3,543000.0
2023,West End,0.57,12,1,1048.0,10.3,1212000.0
2023,Kerrisdale,5.6,3,0,1048.0,10.3,4520000.0
2023,Killarney,10.0,11,1,1048.0,10.3,950519.0
2023,West Point Grey,1.05,15,1,1048.0,10.3,725000.0
2023,Mount Pleasant,3.31,3,1,1048.0,10.3,1439000.0
2023,Downtown,1.43,9,1,1048.0,10.3,562000.0
2023,Mount Pleasant,3.31,8,1,1048.0,10.3,888000.0
2023,Mount Pleasant,3.31,9,1,1048.0,10.3,1455000.0
2023,Mount Pleasant,3.31,9,1,1048.0,10.3,1465000.0
2023,Riley Park,4.58,4,1,1048.0,10.3,967000.0
2023,Mount Pleasant,3.31,9,1,1048.0,10.3,801000.0
2023,Mount Pleasant,3.31,9,1,1048.0,10.3,722000.0
2023,Downtown,1.43,12,1,1048.0,10.3,722000.0
2023,Killarney,10.0,4,1,1048.0,10.3,557000.0
2023,Kensington-Cedar Cottage,5.89,12,1,1048.0,10.3,1358000.0
2023,Kitsilano,0.92,9,1,1048.0,10.3,1499000.0
2023,Killarney,10.0,4,1,1048.0,10.3,1146000.0
2023,Mount Pleasant,3.31,9,1,1048.0,10.3,1103000.0
2023,Mount Pleasant,3.31,9,1,1048.0,10.3,1036000.0
2023,Grandview-Woodland,5.05,13,1,1048.0,10.3,1646946.0
2023,Downtown,1.43,7,1,1048.0,10.3,964000.0
2023,Grandview-Woodland,5.05,10,1,1048.0,10.3,1460000.0
2023,Mount Pleasant,3.31,24,1,1048.0,10.3,663000.0
2023,Fairview,1.75,2,1,1048.0,10.3,1089000.0
2023,Grandview-Woodland,5.05,8,1,1048.0,10.3,1395000.0
2023,Kensington-Cedar Cottage,5.89,16,1,1048.0,10.3,1343000.0
2023,West End,0.57,12,1,1048.0,10.3,1632000.0
2023,West End,0.57,12,1,1048.0,10.3,1726000.0
2023,Marpole,7.34,7,1,1048.0,10.3,856000.0
2023,Kensington-Cedar Cottage,5.89,10,1,1048.0,10.3,1040000.0
2023,Kensington-Cedar Cottage,5.89,10,1,1048.0,10.3,642000.0
2023,Downtown,1.43,16,1,1048.0,10.3,650000.0
2023,Downtown,1.43,16,1,1048.0,10.3,674000.0
2023,Mount Pleasant,3.31,4,1,1048.0,10.3,1258000.0
2023,Downtown,1.43,15,1,1048.0,10.3,787000.0
2023,Downtown,1.43,15,1,1048.0,10.3,707000.0
2023,Renfrew-Collingwood,7.85,8,1,1048.0,10.3,1321000.0
2023,Downtown,1.43,15,1,1048.0,10.3,1038000.0
2023,Fairview,1.75,14,1,1048.0,10.3,925000.0
2023,Downtown,1.43,15,1,1048.0,10.3,709000.0
2023,Downtown,1.43,14,1,1048.0,10.3,537000.0
2023,Downtown,1.43,14,1,1048.0,10.3,643000.0
2023,Riley Park,4.58,7,1,1048.0,10.3,2219000.0
2023,Downtown,1.43,16,1,1048.0,10.3,880000.0
2023,Downtown,1.43,16,1,1048.0,10.3,885000.0
2023,Downtown,1.43,16,1,1048.0,10.3,911000.0
2023,Downtown,1.43,16,1,1048.0,10.3,1093373.0
2023,Downtown,1.43,16,1,1048.0,10.3,786000.0
2023,Downtown,1.43,7,1,1048.0,10.3,535000.0
2023,Downtown,1.43,9,1,1048.0,10.3,474000.0
2023,Downtown,1.43,9,1,1048.0,10.3,808000.0
2023,Renfrew-Collingwood,7.85,7,1,1048.0,10.3,682000.0
2023,Renfrew-Collingwood,7.85,7,1,1048.0,10.3,850000.0
2023,Kensington-Cedar Cottage,5.89,8,1,1048.0,10.3,1704168.0
2023,Renfrew-Collingwood,7.85,7,1,1048.0,10.3,546000.0
2023,Arbutus Ridge,3.05,12,0,1048.0,10.3,4455000.0
2023,Oakridge,5.77,8,0,1048.0,10.3,4537000.0
2023,Kerrisdale,5.6,16,0,1048.0,10.3,4353000.0
2023,Kerrisdale,5.6,16,0,1048.0,10.3,4257000.0
2023,Kerrisdale,5.6,2,0,1048.0,10.3,4374800.0
2023,Kerrisdale,5.6,23,0,1048.0,10.3,4016000.0
2023,Kerrisdale,5.6,31,0,1048.0,10.3,4071000.0
2023,Mount Pleasant,3.31,8,1,1048.0,10.3,853000.0
2023,Fairview,1.75,11,1,1048.0,10.3,2176000.0
2023,Mount Pleasant,3.31,8,1,1048.0,10.3,920000.0
2023,Mount Pleasant,3.31,2,1,1048.0,10.3,2501000.0
2023,Downtown,1.43,8,1,1048.0,10.3,512000.0
2023,Mount Pleasant,3.31,8,1,1048.0,10.3,758000.0
2023,Downtown,1.43,11,1,1048.0,10.3,621000.0
2023,Downtown,1.43,11,1,1048.0,10.3,841000.0
2023,Fairview,1.75,11,1,1048.0,10.3,645000.0
2023,Riley Park,4.58,2,1,1048.0,10.3,1958000.0
2023,Riley Park,4.58,2,1,1048.0,10.3,1589000.0
2023,Riley Park,4.58,4,1,1048.0,10.3,1775000.0
2023,Downtown,1.43,11,1,1048.0,10.3,752000.0
2021,Arbutus Ridge,3.05,94,0,1140.4,10.6,1716000.0
2021,Sunset,7.52,46,0,1140.4,10.6,1447000.0
2023,Kerrisdale,5.6,84,0,1048.0,10.3,2661000.0
2023,Kerrisdale,5.6,39,0,1048.0,10.3,3830000.0
2023,Kerrisdale,5.6,83,0,1048.0,10.3,2299900.0
2023,Oakridge,5.77,31,1,1048.0,10.3,949000.0
2023,Kerrisdale,5.6,34,0,1048.0,10.3,3186000.0
2023,Oakridge,5.77,61,0,1048.0,10.3,3364200.0
2023,Oakridge,5.77,25,1,1048.0,10.3,1539809.0
2023,Oakridge,5.77,66,0,1048.0,10.3,2616200.0
2023,Oakridge,5.77,24,1,1048.0,10.3,1748000.0
2023,Oakridge,5.77,60,0,1048.0,10.3,3197500.0
2023,Kitsilano,0.92,6,1,1048.0,10.3,730000.0
2023,Kitsilano,0.92,65,0,1048.0,10.3,4195000.0
2023,Mount Pleasant,3.31,4,1,1048.0,10.3,849000.0
2023,Killarney,10.0,2,1,1048.0,10.3,1073000.0
2023,Downtown,1.43,17,1,1048.0,10.3,1095000.0
2023,Mount Pleasant,3.31,4,1,1048.0,10.3,844000.0
2023,Downtown,1.43,6,1,1048.0,10.3,1404000.0
2023,Downtown,1.43,6,1,1048.0,10.3,771000.0
2023,Downtown,1.43,6,1,1048.0,10.3,735000.0
2023,Downtown,1.43,6,1,1048.0,10.3,732000.0
2023,Arbutus Ridge,3.05,94,0,1048.0,10.3,2596700.0
2023,Arbutus Ridge,3.05,34,0,1048.0,10.3,3470000.0
2023,Arbutus Ridge,3.05,57,0,1048.0,10.3,3366000.0
2023,Arbutus Ridge,3.05,15,0,1048.0,10.3,4362000.0
2023,Arbutus Ridge,3.05,49,0,1048.0,10.3,1933900.0
2023,Oakridge,5.77,19,1,1048.0,10.3,2042000.0
2023,Oakridge,5.77,21,1,1048.0,10.3,798000.0
2023,Marpole,7.34,21,1,1048.0,10.3,464000.0
2023,Marpole,7.34,21,1,1048.0,10.3,437000.0
2023,Arbutus Ridge,3.05,49,1,1048.0,10.3,796333.0
2023,Arbutus Ridge,3.05,32,1,1048.0,10.3,1233000.0
2023,Arbutus Ridge,3.05,23,0,1048.0,10.3,2921000.0
2023,Arbutus Ridge,3.05,36,0,1048.0,10.3,3961000.0
2023,Arbutus Ridge,3.05,64,0,1048.0,10.3,4202200.0
2023,Arbutus Ridge,3.05,29,1,1048.0,10.3,971000.0
2023,Kensington-Cedar Cottage,5.89,15,1,1048.0,10.3,1521000.0
2023,Mount Pleasant,3.31,2,1,1048.0,10.3,682000.0
2023,Mount Pleasant,3.31,13,1,1048.0,10.3,522000.0
2023,Downtown,1.43,14,1,1048.0,10.3,673000.0
2023,Downtown,1.43,14,1,1048.0,10.3,639000.0
2023,Downtown,1.43,3,1,1048.0,10.3,904000.0
2023,Downtown,1.43,3,1,1048.0,10.3,1762000.0
2023,Downtown,1.43,3,1,1048.0,10.3,2920000.0
2023,Downtown,1.43,3,1,1048.0,10.3,2446000.0
2023,Killarney,10.0,10,1,1048.0,10.3,1090000.0
2023,Killarney,10.0,40,1,1048.0,10.3,996000.0
2023,Killarney,10.0,59,0,1048.0,10.3,2505800.0
2023,Killarney,10.0,35,1,1048.0,10.3,710000.0
2023,Downtown,1.43,18,1,1048.0,10.3,719000.0
2023,Killarney,10.0,19,1,1048.0,10.3,712000.0
2023,Killarney,10.0,51,0,1048.0,10.3,2167815.0
2023,Downtown,1.43,30,1,1048.0,10.3,777000.0
2023,Downtown,1.43,29,1,1048.0,10.3,1034000.0
2023,Downtown,1.43,19,1,1048.0,10.3,889000.0
2023,Downtown,1.43,25,1,1048.0,10.3,994000.0
2023,Downtown,1.43,24,1,1048.0,10.3,1674301.0
2023,Downtown,1.43,26,1,1048.0,10.3,702200.0
2023,Downtown,1.43,19,1,1048.0,10.3,682000.0
2023,Downtown,1.43,19,1,1048.0,10.3,980000.0
2021,Renfrew-Collingwood,7.85,32,0,1140.4,10.6,2013000.0
2021,West End,0.57,37,1,1140.4,10.6,912000.0
2023,Marpole,7.34,22,0,1048.0,10.3,2891000.0
2023,Kitsilano,0.92,19,0,1048.0,10.3,3897000.0
2023,Dunbar-Southlands,3.76,28,1,1048.0,10.3,796000.0
2023,Kitsilano,0.92,42,1,1048.0,10.3,1203242.0
2023,Kitsilano,0.92,26,1,1048.0,10.3,2638000.0
2023,Dunbar-Southlands,3.76,65,0,1048.0,10.3,1800400.0
2023,Dunbar-Southlands,3.76,97,0,1048.0,10.3,1886900.0
2023,Kitsilano,0.92,9,0,1048.0,10.3,3811000.0
2023,Dunbar-Southlands,3.76,31,0,1048.0,10.3,3486000.0
2023,Dunbar-Southlands,3.76,78,0,1048.0,10.3,2283900.0
2023,Dunbar-Southlands,3.76,27,0,1048.0,10.3,3254000.0
2023,Dunbar-Southlands,3.76,84,0,1048.0,10.3,2515000.0
2023,Dunbar-Southlands,3.76,84,0,1048.0,10.3,2578000.0
2023,Dunbar-Southlands,3.76,94,0,1048.0,10.3,2736000.0
2023,Dunbar-Southlands,3.76,55,0,1048.0,10.3,2633000.0
2023,Dunbar-Southlands,3.76,98,0,1048.0,10.3,2541000.0
2023,Dunbar-Southlands,3.76,98,0,1048.0,10.3,3303700.0
2023,Dunbar-Southlands,3.76,10,0,1048.0,10.3,3583000.0
2023,Dunbar-Southlands,3.76,79,0,1048.0,10.3,1810900.0
2023,Dunbar-Southlands,3.76,11,0,1048.0,10.3,3711000.0
2023,Dunbar-Southlands,3.76,21,1,1048.0,10.3,713000.0
2023,Dunbar-Southlands,3.76,21,1,1048.0,10.3,1099000.0
2023,Dunbar-Southlands,3.76,15,0,1048.0,10.3,2966000.0
2023,Dunbar-Southlands,3.76,31,1,1048.0,10.3,1047000.0
2023,Dunbar-Southlands,3.76,38,1,1048.0,10.3,815800.0
2023,Dunbar-Southlands,3.76,48,0,1048.0,10.3,2917000.0
2023,Dunbar-Southlands,3.76,12,0,1048.0,10.3,3547000.0
2023,Dunbar-Southlands,3.76,29,0,1048.0,10.3,2900000.0
2023,Dunbar-Southlands,3.76,94,0,1048.0,10.3,2837000.0
2023,Dunbar-Southlands,3.76,14,0,1048.0,10.3,3261000.0
2023,Dunbar-Southlands,3.76,8,0,1048.0,10.3,3754000.0
2023,Dunbar-Southlands,3.76,6,0,1048.0,10.3,4117000.0
2023,Dunbar-Southlands,3.76,36,0,1048.0,10.3,3778000.0
2023,Dunbar-Southlands,3.76,93,0,1048.0,10.3,2541500.0
2023,Dunbar-Southlands,3.76,98,0,1048.0,10.3,3518000.0
2023,Dunbar-Southlands,3.76,31,1,1048.0,10.3,735000.0
2023,Dunbar-Southlands,3.76,33,0,1048.0,10.3,3678000.0
2023,Dunbar-Southlands,3.76,29,0,1048.0,10.3,3104000.0
2023,Dunbar-Southlands,3.76,20,1,1048.0,10.3,968000.0
2023,Dunbar-Southlands,3.76,34,0,1048.0,10.3,3541000.0
2023,Dunbar-Southlands,3.76,96,0,1048.0,10.3,3510300.0
2023,Dunbar-Southlands,3.76,77,0,1048.0,10.3,2000300.0
2023,Dunbar-Southlands,3.76,86,0,1048.0,10.3,2132400.0
2023,Dunbar-Southlands,3.76,77,0,1048.0,10.3,4070700.0
2023,Dunbar-Southlands,3.76,93,0,1048.0,10.3,2541000.0
2023,Dunbar-Southlands,3.76,34,0,1048.0,10.3,3922000.0
2023,Dunbar-Southlands,3.76,21,0,1048.0,10.3,4487000.0
2023,Dunbar-Southlands,3.76,28,0,1048.0,10.3,4022000.0
2023,Dunbar-Southlands,3.76,94,0,1048.0,10.3,3510900.0
2023,Dunbar-Southlands,3.76,31,0,1048.0,10.3,2823000.0
2023,Dunbar-Southlands,3.76,76,0,1048.0,10.3,2774900.0
2023,Mount Pleasant,3.31,46,1,1048.0,10.3,524900.0
2023,Mount Pleasant,3.31,41,1,1048.0,10.3,340900.0
2023,Mount Pleasant,3.31,48,1,1048.0,10.3,346500.0
2023,Mount Pleasant,3.31,48,1,1048.0,10.3,360200.0
2023,Arbutus Ridge,3.05,29,0,1048.0,10.3,3672000.0
2023,Arbutus Ridge,3.05,28,0,1048.0,10.3,3466000.0
2023,Arbutus Ridge,3.05,46,0,1048.0,10.3,3104000.0
2023,Arbutus Ridge,3.05,34,0,1048.0,10.3,3499000.0
2023,Mount Pleasant,3.31,46,1,1048.0,10.3,569000.0
2023,Mount Pleasant,3.31,25,1,1048.0,10.3,29900.0
2023,Arbutus Ridge,3.05,18,1,1048.0,10.3,2354000.0
2023,Arbutus Ridge,3.05,9,0,1048.0,10.3,3213000.0
2023,Arbutus Ridge,3.05,29,0,1048.0,10.3,3695000.0
2023,Arbutus Ridge,3.05,96,0,1048.0,10.3,2644400.0
2023,Arbutus Ridge,3.05,35,0,1048.0,10.3,3066000.0
2023,Arbutus Ridge,3.05,85,0,1048.0,10.3,2290000.0
2023,Arbutus Ridge,3.05,34,0,1048.0,10.3,3339000.0
2023,Arbutus Ridge,3.05,49,1,1048.0,10.3,1028000.0
2023,Arbutus Ridge,3.05,49,1,1048.0,10.3,751000.0
2023,Arbutus Ridge,3.05,47,0,1048.0,10.3,2351000.0
2023,Arbutus Ridge,3.05,31,0,1048.0,10.3,3795000.0
2023,Arbutus Ridge,3.05,59,0,1048.0,10.3,2813000.0
2023,Arbutus Ridge,3.05,33,0,1048.0,10.3,3242000.0
2023,Arbutus Ridge,3.05,61,0,1048.0,10.3,3511000.0
2023,Mount Pleasant,3.31,47,1,1048.0,10.3,422208.0
2023,Mount Pleasant,3.31,47,1,1048.0,10.3,753400.0
2023,Mount Pleasant,3.31,38,1,1048.0,10.3,492200.0
2023,Mount Pleasant,3.31,49,1,1048.0,10.3,773000.0
2023,Arbutus Ridge,3.05,47,1,1048.0,10.3,833500.0
2023,Arbutus Ridge,3.05,19,1,1048.0,10.3,1222000.0
2023,Arbutus Ridge,3.05,98,0,1048.0,10.3,3673700.0
2023,Arbutus Ridge,3.05,37,1,1048.0,10.3,375000.0
2023,Arbutus Ridge,3.05,84,0,1048.0,10.3,2525000.0
2023,Arbutus Ridge,3.05,83,0,1048.0,10.3,2311300.0
2023,Arbutus Ridge,3.05,84,0,1048.0,10.3,2315900.0
2023,Arbutus Ridge,3.05,44,0,1048.0,10.3,2215000.0
2023,Arbutus Ridge,3.05,23,1,1048.0,10.3,862000.0
2023,Kerrisdale,5.6,31,0,1048.0,10.3,4114000.0
2023,Kerrisdale,5.6,28,0,1048.0,10.3,4166000.0
2023,Kerrisdale,5.6,92,0,1048.0,10.3,3671000.0
2023,Kerrisdale,5.6,19,0,1048.0,10.3,4147000.0
2023,Kerrisdale,5.6,20,0,1048.0,10.3,4541000.0
2023,Kerrisdale,5.6,15,0,1048.0,10.3,4434000.0
2023,Kerrisdale,5.6,35,0,1048.0,10.3,3160000.0
2023,Kerrisdale,5.6,73,0,1048.0,10.3,2588600.0
2023,Kerrisdale,5.6,74,0,1048.0,10.3,2142000.0
2023,Kerrisdale,5.6,84,0,1048.0,10.3,2298000.0
2023,Oakridge,5.77,28,0,1048.0,10.3,3005000.0
2023,Oakridge,5.77,72,0,1048.0,10.3,4285000.0
2023,Oakridge,5.77,24,1,1048.0,10.3,1480000.0
2023,Oakridge,5.77,73,0,1048.0,10.3,3436000.0
2021,Renfrew-Collingwood,7.85,71,0,1140.4,10.6,1167100.0
2023,Mount Pleasant,3.31,48,1,1048.0,10.3,516300.0
2023,Mount Pleasant,3.31,39,1,1048.0,10.3,629500.0
2023,Arbutus Ridge,3.05,29,1,1048.0,10.3,564100.0
2023,Arbutus Ridge,3.05,29,1,1048.0,10.3,973000.0
2023,Arbutus Ridge,3.05,29,1,1048.0,10.3,874000.0
2023,Arbutus Ridge,3.05,20,1,1048.0,10.3,995000.0
2023,Arbutus Ridge,3.05,111,0,1048.0,10.3,3358000.0
2023,Arbutus Ridge,3.05,93,0,1048.0,10.3,2324300.0
2023,Arbutus Ridge,3.05,37,1,1048.0,10.3,1098000.0
2023,Arbutus Ridge,3.05,50,1,1048.0,10.3,768000.0
2023,Arbutus Ridge,3.05,35,0,1048.0,10.3,3349000.0
2023,Arbutus Ridge,3.05,17,0,1048.0,10.3,4540000.0
2023,Arbutus Ridge,3.05,33,0,1048.0,10.3,3987000.0
2023,Arbutus Ridge,3.05,94,0,1048.0,10.3,3159000.0
2023,Arbutus Ridge,3.05,31,0,1048.0,10.3,4233000.0
2023,Arbutus Ridge,3.05,40,0,1048.0,10.3,3243000.0
2023,Arbutus Ridge,3.05,28,0,1048.0,10.3,2917000.0
2023,Arbutus Ridge,3.05,51,0,1048.0,10.3,2733900.0
2023,Arbutus Ridge,3.05,46,1,1048.0,10.3,1098900.0
2023,Arbutus Ridge,3.05,32,0,1048.0,10.3,3529000.0
2023,Renfrew-Collingwood,7.85,10,1,1048.0,10.3,564000.0
2023,Kerrisdale,5.6,35,0,1048.0,10.3,3325000.0
2023,Kerrisdale,5.6,27,0,1048.0,10.3,3980000.0
2023,Kerrisdale,5.6,28,0,1048.0,10.3,3575000.0
2023,Oakridge,5.77,34,0,1048.0,10.3,3616000.0
2023,Kerrisdale,5.6,82,0,1048.0,10.3,2692700.0
2023,Kerrisdale,5.6,81,0,1048.0,10.3,3413000.0
2023,Kerrisdale,5.6,28,0,1048.0,10.3,4454000.0
2023,Kerrisdale,5.6,34,0,1048.0,10.3,3055000.0
2023,Oakridge,5.77,62,0,1048.0,10.3,3343400.0
2023,Mount Pleasant,3.31,19,1,1048.0,10.3,1617000.0
2023,Oakridge,5.77,23,1,1048.0,10.3,1148000.0
2023,Oakridge,5.77,23,1,1048.0,10.3,645000.0
2023,Oakridge,5.77,23,1,1048.0,10.3,1000000.0
2023,Oakridge,5.77,18,1,1048.0,10.3,1577000.0
2023,Oakridge,5.77,44,1,1048.0,10.3,1920000.0
2023,Oakridge,5.77,44,1,1048.0,10.3,2493000.0
2023,Oakridge,5.77,44,1,1048.0,10.3,2108000.0
2023,Oakridge,5.77,29,1,1048.0,10.3,2894000.0
2023,Marpole,7.34,37,1,1048.0,10.3,443800.0
2023,Marpole,7.34,13,0,1048.0,10.3,3818000.0
2023,Oakridge,5.77,28,0,1048.0,10.3,3436000.0
2023,Marpole,7.34,17,0,1048.0,10.3,2190000.0
2023,Oakridge,5.77,71,0,1048.0,10.3,2428400.0
2023,Oakridge,5.77,43,1,1048.0,10.3,1100900.0
2023,Oakridge,5.77,21,1,1048.0,10.3,924000.0
2023,Oakridge,5.77,61,0,1048.0,10.3,3212400.0
2023,Riley Park,4.58,75,0,1048.0,10.3,2557800.0
2023,Riley Park,4.58,109,0,1048.0,10.3,2937000.0
2023,Marpole,7.34,37,0,1048.0,10.3,2609000.0
2023,Marpole,7.34,20,0,1048.0,10.3,2663000.0
2023,Marpole,7.34,36,1,1048.0,10.3,1342000.0
2023,Marpole,7.34,32,0,1048.0,10.3,2389000.0
2023,Marpole,7.34,17,0,1048.0,10.3,2740000.0
2023,Marpole,7.34,19,1,1048.0,10.3,704000.0
2023,Marpole,7.34,28,1,1048.0,10.3,1401000.0
2023,Marpole,7.34,20,0,1048.0,10.3,2532000.0
2023,Marpole,7.34,19,0,1048.0,10.3,2648000.0
2023,Marpole,7.34,19,1,1048.0,10.3,699000.0
2023,Marpole,7.34,20,1,1048.0,10.3,1493000.0
2023,Fairview,1.75,45,1,1048.0,10.3,449000.0
2023,Mount Pleasant,3.31,113,0,1048.0,10.3,1961000.0
2023,Mount Pleasant,3.31,113,1,1048.0,10.3,766000.0
2023,Mount Pleasant,3.31,40,1,1048.0,10.3,473300.0
2023,Fairview,1.75,25,1,1048.0,10.3,1000000.0
2023,Fairview,1.75,45,1,1048.0,10.3,1669600.0
2023,Fairview,1.75,27,1,1048.0,10.3,726000.0
2023,Fairview,1.75,23,1,1048.0,10.3,1068000.0
2023,Fairview,1.75,23,1,1048.0,10.3,1477000.0
2023,Fairview,1.75,30,1,1048.0,10.3,779000.0
2023,Fairview,1.75,39,1,1048.0,10.3,1969000.0
2023,Fairview,1.75,45,1,1048.0,10.3,1693000.0
2023,Fairview,1.75,39,1,1048.0,10.3,1864000.0
2023,Fairview,1.75,48,1,1048.0,10.3,780000.0
2023,Fairview,1.75,34,1,1048.0,10.3,1032000.0
2023,Fairview,1.75,34,1,1048.0,10.3,3105000.0
2023,Fairview,1.75,38,1,1048.0,10.3,556800.0
2023,Fairview,1.75,33,1,1048.0,10.3,852000.0
2023,Shaughnessy,3.33,97,0,1048.0,10.3,3349000.0
2023,Shaughnessy,3.33,111,0,1048.0,10.3,3999000.0
2023,Shaughnessy,3.33,24,0,1048.0,10.3,4446000.0
2023,Shaughnessy,3.33,95,0,1048.0,10.3,3355000.0
2023,Shaughnessy,3.33,42,1,1048.0,10.3,2066000.0
2023,Riley Park,4.58,111,0,1048.0,10.3,2723000.0
2023,Riley Park,4.58,103,0,1048.0,10.3,2666000.0
2023,Riley Park,4.58,109,0,1048.0,10.3,2625000.0
2023,Riley Park,4.58,82,0,1048.0,10.3,2909600.0
2023,Kerrisdale,5.6,23,0,1048.0,10.3,4063000.0
2023,Riley Park,4.58,20,0,1048.0,10.3,3582000.0
2023,Riley Park,4.58,30,0,1048.0,10.3,3369000.0
2023,Riley Park,4.58,8,0,1048.0,10.3,3253000.0
2023,Riley Park,4.58,82,0,1048.0,10.3,2649600.0
2023,Riley Park,4.58,87,0,1048.0,10.3,3011500.0
2023,Riley Park,4.58,29,0,1048.0,10.3,3091000.0
2023,Downtown,1.43,15,1,1048.0,10.3,1269000.0
2023,Mount Pleasant,3.31,15,1,1048.0,10.3,1832000.0
2023,Downtown,1.43,17,1,1048.0,10.3,852000.0
2023,Downtown,1.43,17,1,1048.0,10.3,700000.0
2023,Shaughnessy,3.33,42,1,1048.0,10.3,1638000.0
2023,Shaughnessy,3.33,25,1,1048.0,10.3,562000.0
2023,Riley Park,4.58,64,0,1048.0,10.3,4421000.0
2023,Grandview-Woodland,5.05,29,1,1048.0,10.3,520000.0
2023,Grandview-Woodland,5.05,40,1,1048.0,10.3,438000.0
2023,Marpole,7.34,37,0,1048.0,10.3,2758000.0
2023,Marpole,7.34,26,0,1048.0,10.3,2479000.0
2023,Marpole,7.34,19,1,1048.0,10.3,1551000.0
2023,Marpole,7.34,41,1,1048.0,10.3,752000.0
2023,Marpole,7.34,83,0,1048.0,10.3,1744000.0
2023,Marpole,7.34,34,0,1048.0,10.3,2307000.0
2023,Marpole,7.34,45,0,1048.0,10.3,2107700.0
2023,Marpole,7.34,15,0,1048.0,10.3,4356000.0
2023,Marpole,7.34,5,0,1048.0,10.3,3239000.0
2023,Mount Pleasant,3.31,25,1,1048.0,10.3,495000.0
2023,Mount Pleasant,3.31,49,1,1048.0,10.3,606700.0
2023,Mount Pleasant,3.31,42,1,1048.0,10.3,596000.0
2021,Grandview-Woodland,5.05,47,1,1140.4,10.6,353800.0
2023,Fairview,1.75,37,1,1048.0,10.3,1032600.0
2023,Fairview,1.75,36,1,1048.0,10.3,1094000.0
2023,Fairview,1.75,45,1,1048.0,10.3,1115700.0
2023,Fairview,1.75,39,1,1048.0,10.3,770000.0
2023,Fairview,1.75,43,1,1048.0,10.3,1493000.0
2023,Fairview,1.75,39,1,1048.0,10.3,1390501.0
2023,Fairview,1.75,42,1,1048.0,10.3,1289063.0
2023,Fairview,1.75,38,1,1048.0,10.3,634500.0
2023,Fairview,1.75,23,1,1048.0,10.3,496000.0
2023,Fairview,1.75,29,1,1048.0,10.3,923000.0
2023,Fairview,1.75,38,1,1048.0,10.3,755500.0
2023,Fairview,1.75,39,1,1048.0,10.3,889000.0
2023,Fairview,1.75,26,1,1048.0,10.3,1183000.0
2023,Fairview,1.75,35,1,1048.0,10.3,858000.0
2023,Fairview,1.75,47,1,1048.0,10.3,1228900.0
2023,Fairview,1.75,32,1,1048.0,10.3,734000.0
2023,Fairview,1.75,37,1,1048.0,10.3,794000.0
2023,Fairview,1.75,41,1,1048.0,10.3,1360700.0
2023,Fairview,1.75,37,1,1048.0,10.3,640800.0
2023,Fairview,1.75,25,1,1048.0,10.3,943000.0
2023,Fairview,1.75,25,1,1048.0,10.3,809000.0
2023,Fairview,1.75,31,1,1048.0,10.3,1084107.0
2023,Fairview,1.75,38,1,1048.0,10.3,602000.0
2023,Fairview,1.75,34,1,1048.0,10.3,694000.0
2023,Fairview,1.75,21,1,1048.0,10.3,425700.0
2023,Fairview,1.75,32,1,1048.0,10.3,1002000.0
2023,Fairview,1.75,21,1,1048.0,10.3,360000.0
2023,Fairview,1.75,46,1,1048.0,10.3,1486241.0
2023,Fairview,1.75,33,1,1048.0,10.3,2573000.0
2023,Fairview,1.75,50,1,1048.0,10.3,857800.0
2023,Fairview,1.75,22,1,1048.0,10.3,989000.0
2023,Fairview,1.75,34,1,1048.0,10.3,863000.0
2023,Fairview,1.75,34,1,1048.0,10.3,672000.0
2023,Fairview,1.75,36,1,1048.0,10.3,930040.0
2023,Fairview,1.75,36,1,1048.0,10.3,593000.0
2023,Fairview,1.75,34,1,1048.0,10.3,1101000.0
2023,Fairview,1.75,48,1,1048.0,10.3,704500.0
2023,Fairview,1.75,33,1,1048.0,10.3,777000.0
2023,Fairview,1.75,24,1,1048.0,10.3,847000.0
2023,Fairview,1.75,20,1,1048.0,10.3,987000.0
2023,Fairview,1.75,31,1,1048.0,10.3,722000.0
2023,Fairview,1.75,34,1,1048.0,10.3,1080000.0
2023,Fairview,1.75,52,1,1048.0,10.3,103600.0
2023,Fairview,1.75,63,0,1048.0,10.3,4529000.0
2023,Fairview,1.75,40,1,1048.0,10.3,831500.0
2023,Fairview,1.75,30,1,1048.0,10.3,535800.0
2023,Riley Park,4.58,83,0,1048.0,10.3,2750700.0
2023,Renfrew-Collingwood,7.85,54,0,1048.0,10.3,1573400.0
2023,Fairview,1.75,43,1,1048.0,10.3,2489226.0
2023,Fairview,1.75,31,1,1048.0,10.3,870000.0
2023,Fairview,1.75,31,1,1048.0,10.3,872000.0
2023,Fairview,1.75,42,1,1048.0,10.3,922000.0
2023,Fairview,1.75,42,1,1048.0,10.3,887000.0
2023,Fairview,1.75,47,1,1048.0,10.3,489400.0
2023,Fairview,1.75,111,0,1048.0,10.3,3294000.0
2023,Fairview,1.75,52,1,1048.0,10.3,449400.0
2023,Fairview,1.75,40,1,1048.0,10.3,714700.0
2023,Fairview,1.75,41,1,1048.0,10.3,2072000.0
2023,Fairview,1.75,28,1,1048.0,10.3,621000.0
2023,Fairview,1.75,34,1,1048.0,10.3,618000.0
2023,Fairview,1.75,50,1,1048.0,10.3,541000.0
2023,Fairview,1.75,50,1,1048.0,10.3,755000.0
2023,Fairview,1.75,50,1,1048.0,10.3,1548000.0
2023,Fairview,1.75,101,0,1048.0,10.3,3769000.0
2023,Fairview,1.75,36,1,1048.0,10.3,583000.0
2023,Fairview,1.75,38,1,1048.0,10.3,1129498.0
2023,Fairview,1.75,36,1,1048.0,10.3,844000.0
2021,Arbutus Ridge,3.05,91,0,1140.4,10.6,3154000.0
2023,Downtown,1.43,26,1,1048.0,10.3,655000.0
2023,Downtown,1.43,33,1,1048.0,10.3,1217000.0
2023,Shaughnessy,3.33,82,0,1048.0,10.3,3137700.0
2023,Shaughnessy,3.33,110,0,1048.0,10.3,4541000.0
2023,Shaughnessy,3.33,39,0,1048.0,10.3,3048000.0
2023,Riley Park,4.58,48,1,1048.0,10.3,629400.0
2023,Riley Park,4.58,48,1,1048.0,10.3,681000.0
2023,Shaughnessy,3.33,76,0,1048.0,10.3,4064100.0
2023,Riley Park,4.58,33,0,1048.0,10.3,2729000.0
2023,Mount Pleasant,3.31,19,1,1048.0,10.3,1603000.0
2023,Mount Pleasant,3.31,44,0,1048.0,10.3,1792000.0
2023,Mount Pleasant,3.31,50,1,1048.0,10.3,449300.0
2023,Shaughnessy,3.33,42,1,1048.0,10.3,1421000.0
2023,Riley Park,4.58,36,1,1048.0,10.3,987000.0
2023,Riley Park,4.58,31,1,1048.0,10.3,675000.0
2023,Riley Park,4.58,11,0,1048.0,10.3,3895000.0
2023,Riley Park,4.58,23,0,1048.0,10.3,3613000.0
2023,Riley Park,4.58,84,0,1048.0,10.3,4162600.0
2023,Riley Park,4.58,25,0,1048.0,10.3,3608000.0
2023,Riley Park,4.58,25,1,1048.0,10.3,603000.0
2023,Riley Park,4.58,26,1,1048.0,10.3,755000.0
2023,Riley Park,4.58,25,1,1048.0,10.3,1360000.0
2023,Riley Park,4.58,29,1,1048.0,10.3,692000.0
2023,Riley Park,4.58,84,0,1048.0,10.3,3165000.0
2023,Riley Park,4.58,28,0,1048.0,10.3,2903000.0
2023,Riley Park,4.58,86,0,1048.0,10.3,2656800.0
2023,Riley Park,4.58,85,0,1048.0,10.3,3022000.0
2023,Riley Park,4.58,86,0,1048.0,10.3,2720400.0
2023,Riley Park,4.58,32,1,1048.0,10.3,654000.0
2023,Riley Park,4.58,19,1,1048.0,10.3,772000.0
2023,Riley Park,4.58,4,0,1048.0,10.3,4052000.0
2023,Kerrisdale,5.6,75,0,1048.0,10.3,3795900.0
2021,Fairview,1.75,15,1,1140.4,10.6,493000.0
2023,Kerrisdale,5.6,5,1,1048.0,10.3,1472000.0
2023,Killarney,10.0,10,1,1048.0,10.3,865000.0
2023,Riley Park,4.58,76,0,1048.0,10.3,3734028.0
2023,Riley Park,4.58,34,0,1048.0,10.3,4272000.0
2023,Riley Park,4.58,82,0,1048.0,10.3,3254100.0
2023,Riley Park,4.58,35,0,1048.0,10.3,4335000.0
2023,Riley Park,4.58,28,0,1048.0,10.3,3510000.0
2023,Grandview-Woodland,5.05,41,1,1048.0,10.3,357800.0
2023,Grandview-Woodland,5.05,6,0,1048.0,10.3,2591000.0
2023,Grandview-Woodland,5.05,14,0,1048.0,10.3,2041000.0
2023,Grandview-Woodland,5.05,54,0,1048.0,10.3,1819200.0
2023,Grandview-Woodland,5.05,31,0,1048.0,10.3,2382000.0
2023,Grandview-Woodland,5.05,43,1,1048.0,10.3,306379.0
2023,Grandview-Woodland,5.05,66,0,1048.0,10.3,3393000.0
2023,Grandview-Woodland,5.05,49,1,1048.0,10.3,687000.0
2023,Grandview-Woodland,5.05,67,0,1048.0,10.3,3540000.0
2023,Grandview-Woodland,5.05,47,1,1048.0,10.3,575900.0
2023,Grandview-Woodland,5.05,98,0,1048.0,10.3,1747400.0
2023,Grandview-Woodland,5.05,30,1,1048.0,10.3,565000.0
2021,Kitsilano,0.92,103,1,1140.4,10.6,1823000.0
2023,Riley Park,4.58,9,0,1048.0,10.3,4464000.0
2023,Riley Park,4.58,49,1,1048.0,10.3,638500.0
2023,Riley Park,4.58,33,1,1048.0,10.3,807000.0
2023,Grandview-Woodland,5.05,19,1,1048.0,10.3,598000.0
2023,Grandview-Woodland,5.05,49,1,1048.0,10.3,565700.0
2023,Grandview-Woodland,5.05,19,1,1048.0,10.3,928000.0
2023,Grandview-Woodland,5.05,110,0,1048.0,10.3,1908000.0
2023,Grandview-Woodland,5.05,97,0,1048.0,10.3,2047205.0
2023,Grandview-Woodland,5.05,111,0,1048.0,10.3,2282000.0
2023,Grandview-Woodland,5.05,96,0,1048.0,10.3,1577400.0
2023,Grandview-Woodland,5.05,111,0,1048.0,10.3,1715000.0
2023,Grandview-Woodland,5.05,113,0,1048.0,10.3,2042000.0
2023,Grandview-Woodland,5.05,42,1,1048.0,10.3,677676.0
2023,Grandview-Woodland,5.05,47,1,1048.0,10.3,384400.0
2023,Grandview-Woodland,5.05,42,1,1048.0,10.3,550200.0
2021,Renfrew-Collingwood,7.85,9,0,1140.4,10.6,2227000.0
2023,Renfrew-Collingwood,7.85,55,0,1048.0,10.3,1675300.0
2023,Renfrew-Collingwood,7.85,23,1,1048.0,10.3,372000.0
2023,Renfrew-Collingwood,7.85,18,1,1048.0,10.3,522000.0
2023,Renfrew-Collingwood,7.85,50,0,1048.0,10.3,1455400.0
2023,Renfrew-Collingwood,7.85,27,1,1048.0,10.3,593000.0
2023,Renfrew-Collingwood,7.85,37,0,1048.0,10.3,1845000.0
2023,Renfrew-Collingwood,7.85,30,1,1048.0,10.3,350000.0
2023,Renfrew-Collingwood,7.85,30,1,1048.0,10.3,337000.0
2023,Mount Pleasant,3.31,3,1,1048.0,10.3,1439000.0
2023,Mount Pleasant,3.31,8,1,1048.0,10.3,1093000.0
2023,Killarney,10.0,10,1,1048.0,10.3,729000.0
2023,Downtown,1.43,14,1,1048.0,10.3,725000.0
2023,Grandview-Woodland,5.05,24,1,1048.0,10.3,659000.0
2023,Grandview-Woodland,5.05,24,1,1048.0,10.3,905000.0
2023,Grandview-Woodland,5.05,2,0,1048.0,10.3,2159400.0
2023,Grandview-Woodland,5.05,42,1,1048.0,10.3,436700.0
2023,Grandview-Woodland,5.05,111,0,1048.0,10.3,1395000.0
2023,Grandview-Woodland,5.05,24,0,1048.0,10.3,2022000.0
2023,Grandview-Woodland,5.05,23,0,1048.0,10.3,1979000.0
2023,Grandview-Woodland,5.05,49,1,1048.0,10.3,431000.0
2023,Grandview-Woodland,5.05,40,1,1048.0,10.3,384200.0
2023,Grandview-Woodland,5.05,40,1,1048.0,10.3,472400.0
2023,Victoria-Fraserview,8.47,3,1,1048.0,10.3,1549000.0
2023,Kitsilano,0.92,11,1,1048.0,10.3,4317000.0
2023,Mount Pleasant,3.31,14,1,1048.0,10.3,1153000.0
2023,Sunset,7.52,3,1,1048.0,10.3,1503000.0
2023,Fairview,1.75,14,1,1048.0,10.3,673000.0
2023,Kensington-Cedar Cottage,5.89,17,1,1048.0,10.3,1320000.0
2023,Kensington-Cedar Cottage,5.89,17,1,1048.0,10.3,1571000.0
2023,Mount Pleasant,3.31,2,0,1048.0,10.3,2785000.0
2023,Mount Pleasant,3.31,25,1,1048.0,10.3,1481000.0
2023,Mount Pleasant,3.31,109,0,1048.0,10.3,2246000.0
2023,Mount Pleasant,3.31,18,1,1048.0,10.3,693000.0
2023,Mount Pleasant,3.31,111,1,1048.0,10.3,1626000.0
2023,Mount Pleasant,3.31,43,1,1048.0,10.3,1890400.0
2023,Grandview-Woodland,5.05,49,1,1048.0,10.3,511000.0
2023,Grandview-Woodland,5.05,111,0,1048.0,10.3,2088000.0
2023,Grandview-Woodland,5.05,49,1,1048.0,10.3,625600.0
2023,Grandview-Woodland,5.05,111,0,1048.0,10.3,2089000.0
2023,Grandview-Woodland,5.05,103,0,1048.0,10.3,1720000.0
2023,Grandview-Woodland,5.05,17,0,1048.0,10.3,1955820.0
2023,Grandview-Woodland,5.05,26,1,1048.0,10.3,1429000.0
2023,Grandview-Woodland,5.05,38,0,1048.0,10.3,2043000.0
2023,Grandview-Woodland,5.05,117,0,1048.0,10.3,2109000.0
2023,Grandview-Woodland,5.05,34,1,1048.0,10.3,714000.0
2023,Grandview-Woodland,5.05,113,0,1048.0,10.3,2221000.0
2023,Grandview-Woodland,5.05,111,0,1048.0,10.3,1796400.0
2023,Grandview-Woodland,5.05,42,0,1048.0,10.3,2104300.0
2023,Grandview-Woodland,5.05,77,0,1048.0,10.3,2076000.0
2023,Grandview-Woodland,5.05,77,0,1048.0,10.3,1761600.0
2023,Grandview-Woodland,5.05,111,0,1048.0,10.3,2029000.0
2023,Marpole,7.34,79,0,1048.0,10.3,1839000.0
2023,Marpole,7.34,19,0,1048.0,10.3,2671000.0
2023,Marpole,7.34,8,0,1048.0,10.3,4234000.0
2023,Marpole,7.34,47,0,1048.0,10.3,2033100.0
2023,Marpole,7.34,4,0,1048.0,10.3,3275000.0
2023,Marpole,7.34,29,0,1048.0,10.3,3036000.0
2023,Marpole,7.34,60,0,1048.0,10.3,2024700.0
2023,Marpole,7.34,77,0,1048.0,10.3,2007300.0
2023,Marpole,7.34,35,0,1048.0,10.3,2201000.0
2023,Mount Pleasant,3.31,39,0,1048.0,10.3,1560300.0
2021,Arbutus Ridge,3.05,70,0,1140.4,10.6,2307000.0
2023,Downtown,1.43,14,1,1048.0,10.3,711000.0
2023,Kensington-Cedar Cottage,5.89,10,1,1048.0,10.3,1434000.0
2023,Marpole,7.34,22,0,1048.0,10.3,2285000.0
2023,Marpole,7.34,60,0,1048.0,10.3,2746100.0
2023,Marpole,7.34,20,0,1048.0,10.3,2414000.0
2023,Marpole,7.34,30,0,1048.0,10.3,2366000.0
2023,Marpole,7.34,34,0,1048.0,10.3,3116000.0
2023,Marpole,7.34,36,0,1048.0,10.3,2224000.0
2023,Marpole,7.34,62,0,1048.0,10.3,2390700.0
2023,Mount Pleasant,3.31,32,1,1048.0,10.3,1240967.0
2023,Mount Pleasant,3.31,30,1,1048.0,10.3,633000.0
2023,Mount Pleasant,3.31,114,1,1048.0,10.3,1480000.0
2023,Mount Pleasant,3.31,27,1,1048.0,10.3,836000.0
2023,Marpole,7.34,29,1,1048.0,10.3,551000.0
2023,Mount Pleasant,3.31,26,1,1048.0,10.3,459000.0
2023,Mount Pleasant,3.31,118,0,1048.0,10.3,1933000.0
2023,Mount Pleasant,3.31,26,1,1048.0,10.3,350000.0
2023,Marpole,7.34,35,1,1048.0,10.3,743000.0
2023,Marpole,7.34,37,1,1048.0,10.3,408400.0
2023,Marpole,7.34,41,1,1048.0,10.3,449500.0
2023,Mount Pleasant,3.31,30,1,1048.0,10.3,702000.0
2023,Mount Pleasant,3.31,115,0,1048.0,10.3,1782000.0
2023,Mount Pleasant,3.31,21,1,1048.0,10.3,1239000.0
2023,Mount Pleasant,3.31,37,1,1048.0,10.3,1754000.0
2023,Mount Pleasant,3.31,111,0,1048.0,10.3,663002.0
2023,Mount Pleasant,3.31,30,1,1048.0,10.3,562200.0
2023,Mount Pleasant,3.31,24,1,1048.0,10.3,570000.0
2023,Mount Pleasant,3.31,24,1,1048.0,10.3,884000.0
2023,Mount Pleasant,3.31,67,0,1048.0,10.3,3939000.0
2023,Mount Pleasant,3.31,112,0,1048.0,10.3,1541000.0
2023,Mount Pleasant,3.31,24,1,1048.0,10.3,716000.0
2023,Mount Pleasant,3.31,24,1,1048.0,10.3,907000.0
2023,Mount Pleasant,3.31,42,1,1048.0,10.3,1044000.0
2023,Mount Pleasant,3.31,28,0,1048.0,10.3,3556700.0
2023,Mount Pleasant,3.31,115,0,1048.0,10.3,1696000.0
2023,Mount Pleasant,3.31,28,1,1048.0,10.3,754518.0
2023,Mount Pleasant,3.31,28,1,1048.0,10.3,933300.0
2023,Mount Pleasant,3.31,115,0,1048.0,10.3,1400900.0
2023,Mount Pleasant,3.31,118,0,1048.0,10.3,1450900.0
2023,Mount Pleasant,3.31,123,0,1048.0,10.3,1652200.0
2023,Mount Pleasant,3.31,44,1,1048.0,10.3,984200.0
2023,Mount Pleasant,3.31,50,1,1048.0,10.3,530100.0
2023,Mount Pleasant,3.31,27,1,1048.0,10.3,758000.0
2023,Mount Pleasant,3.31,47,1,1048.0,10.3,470300.0
2023,Mount Pleasant,3.31,28,1,1048.0,10.3,801000.0
2023,Riley Park,4.58,21,0,1048.0,10.3,3418000.0
2023,Riley Park,4.58,85,0,1048.0,10.3,2490700.0
2023,Riley Park,4.58,82,0,1048.0,10.3,2738000.0
2023,Mount Pleasant,3.31,28,1,1048.0,10.3,624000.0
2023,Mount Pleasant,3.31,51,1,1048.0,10.3,573800.0
2023,Mount Pleasant,3.31,26,1,1048.0,10.3,838000.0
2023,Mount Pleasant,3.31,41,1,1048.0,10.3,391800.0
2023,Mount Pleasant,3.31,50,1,1048.0,10.3,551900.0
2023,Grandview-Woodland,5.05,113,0,1048.0,10.3,1905300.0
2023,Grandview-Woodland,5.05,110,0,1048.0,10.3,1556000.0
2023,Grandview-Woodland,5.05,113,0,1048.0,10.3,1675000.0
2023,Grandview-Woodland,5.05,29,1,1048.0,10.3,489000.0
2023,Grandview-Woodland,5.05,113,0,1048.0,10.3,1532800.0
2023,Grandview-Woodland,5.05,38,1,1048.0,10.3,569000.0
2023,Grandview-Woodland,5.05,18,1,1048.0,10.3,1057000.0
2023,Grandview-Woodland,5.05,75,0,1048.0,10.3,2148200.0
2023,Sunset,7.52,68,0,1048.0,10.3,1703600.0
2023,Sunset,7.52,81,0,1048.0,10.3,1683800.0
2023,Sunset,7.52,21,0,1048.0,10.3,1955000.0
2023,Sunset,7.52,29,0,1048.0,10.3,2070000.0
2023,Sunset,7.52,71,0,1048.0,10.3,1538600.0
2023,Sunset,7.52,47,0,1048.0,10.3,1563000.0
2023,Sunset,7.52,56,0,1048.0,10.3,1664100.0
2023,Sunset,7.52,15,0,1048.0,10.3,1972000.0
2023,Grandview-Woodland,5.05,24,1,1048.0,10.3,1805000.0
2023,Grandview-Woodland,5.05,33,1,1048.0,10.3,851000.0
2023,Grandview-Woodland,5.05,74,0,1048.0,10.3,1754000.0
2023,Grandview-Woodland,5.05,33,1,1048.0,10.3,805000.0
2023,Grandview-Woodland,5.05,50,0,1048.0,10.3,1822500.0
2023,Grandview-Woodland,5.05,100,0,1048.0,10.3,1710600.0
2023,Grandview-Woodland,5.05,74,0,1048.0,10.3,1872000.0
2023,Kensington-Cedar Cottage,5.89,30,1,1048.0,10.3,819000.0
2023,Kensington-Cedar Cottage,5.89,97,0,1048.0,10.3,3022200.0
2023,Kensington-Cedar Cottage,5.89,110,0,1048.0,10.3,1782700.0
2023,Kensington-Cedar Cottage,5.89,95,0,1048.0,10.3,2317000.0
2023,Kensington-Cedar Cottage,5.89,45,1,1048.0,10.3,352400.0
2023,Kensington-Cedar Cottage,5.89,45,1,1048.0,10.3,280500.0
2023,Kensington-Cedar Cottage,5.89,30,1,1048.0,10.3,871000.0
2023,Renfrew-Collingwood,7.85,10,1,1048.0,10.3,586000.0
2023,Mount Pleasant,3.31,9,1,1048.0,10.3,620000.0
2023,Downtown,1.43,14,1,1048.0,10.3,1027000.0
2023,Downtown,1.43,10,1,1048.0,10.3,1416000.0
2023,Downtown,1.43,10,1,1048.0,10.3,1967000.0
2023,Mount Pleasant,3.31,24,1,1048.0,10.3,1093000.0
2023,Mount Pleasant,3.31,77,0,1048.0,10.3,1639300.0
2023,Mount Pleasant,3.31,113,0,1048.0,10.3,2239000.0
2023,Grandview-Woodland,5.05,81,0,1048.0,10.3,1495600.0
2023,Grandview-Woodland,5.05,111,0,1048.0,10.3,1477000.0
2023,Grandview-Woodland,5.05,111,0,1048.0,10.3,1652000.0
2023,Mount Pleasant,3.31,19,1,1048.0,10.3,1231000.0
2023,Grandview-Woodland,5.05,32,1,1048.0,10.3,795000.0
2023,Mount Pleasant,3.31,41,1,1048.0,10.3,697700.0
2023,Mount Pleasant,3.31,45,1,1048.0,10.3,484100.0
2023,Mount Pleasant,3.31,49,1,1048.0,10.3,673139.0
2023,Mount Pleasant,3.31,49,1,1048.0,10.3,802388.0
2023,Mount Pleasant,3.31,47,1,1048.0,10.3,802388.0
2023,Mount Pleasant,3.31,25,1,1048.0,10.3,824000.0
2023,Mount Pleasant,3.31,47,1,1048.0,10.3,610000.0
2023,Mount Pleasant,3.31,49,1,1048.0,10.3,701700.0
2023,Mount Pleasant,3.31,38,1,1048.0,10.3,571600.0
2023,Mount Pleasant,3.31,30,1,1048.0,10.3,491000.0
2023,Mount Pleasant,3.31,38,1,1048.0,10.3,513600.0
2023,Mount Pleasant,3.31,113,1,1048.0,10.3,1194000.0
2023,Mount Pleasant,3.31,40,1,1048.0,10.3,474800.0
2023,Mount Pleasant,3.31,28,1,1048.0,10.3,1494000.0
2023,Mount Pleasant,3.31,30,1,1048.0,10.3,439000.0
2023,Mount Pleasant,3.31,42,1,1048.0,10.3,390329.0
2023,Mount Pleasant,3.31,49,1,1048.0,10.3,570500.0
2023,Mount Pleasant,3.31,41,1,1048.0,10.3,482400.0
2023,Mount Pleasant,3.31,50,1,1048.0,10.3,518800.0
2023,Mount Pleasant,3.31,109,0,1048.0,10.3,2015000.0
2023,Mount Pleasant,3.31,19,1,1048.0,10.3,993000.0
2023,Mount Pleasant,3.31,25,1,1048.0,10.3,1873000.0
2023,Mount Pleasant,3.31,111,0,1048.0,10.3,1699800.0
2023,Mount Pleasant,3.31,27,1,1048.0,10.3,1605000.0
2023,Mount Pleasant,3.31,111,0,1048.0,10.3,1911400.0
2023,Mount Pleasant,3.31,97,0,1048.0,10.3,1735000.0
2023,Mount Pleasant,3.31,111,0,1048.0,10.3,2188000.0
2023,Mount Pleasant,3.31,112,0,1048.0,10.3,2065000.0
2023,Mount Pleasant,3.31,113,1,1048.0,10.3,1535000.0
2023,Mount Pleasant,3.31,18,1,1048.0,10.3,975000.0
2023,Mount Pleasant,3.31,18,1,1048.0,10.3,1296000.0
2023,Mount Pleasant,3.31,48,1,1048.0,10.3,614600.0
2023,Mount Pleasant,3.31,48,1,1048.0,10.3,584700.0
2023,Mount Pleasant,3.31,115,0,1048.0,10.3,2589000.0
2023,Mount Pleasant,3.31,23,1,1048.0,10.3,1779000.0
2023,Grandview-Woodland,5.05,45,0,1048.0,10.3,3575000.0
2023,Grandview-Woodland,5.05,113,0,1048.0,10.3,1713000.0
2023,Grandview-Woodland,5.05,35,1,1048.0,10.3,655000.0
2023,Mount Pleasant,3.31,20,1,1048.0,10.3,1513000.0
2023,Mount Pleasant,3.31,27,1,1048.0,10.3,1034000.0
2023,Mount Pleasant,3.31,27,1,1048.0,10.3,736282.0
2023,Mount Pleasant,3.31,111,0,1048.0,10.3,1827000.0
2023,Mount Pleasant,3.31,27,1,1048.0,10.3,899000.0
2023,Mount Pleasant,3.31,24,1,1048.0,10.3,820000.0
2023,Grandview-Woodland,5.05,27,1,1048.0,10.3,707000.0
2023,Grandview-Woodland,5.05,113,0,1048.0,10.3,1638000.0
2023,Grandview-Woodland,5.05,111,0,1048.0,10.3,2019000.0
2023,Grandview-Woodland,5.05,33,0,1048.0,10.3,2373000.0
2023,Grandview-Woodland,5.05,112,0,1048.0,10.3,1361000.0
2023,Grandview-Woodland,5.05,94,0,1048.0,10.3,1801500.0
2023,Grandview-Woodland,5.05,111,0,1048.0,10.3,1367000.0
2021,Sunset,7.52,64,0,1140.4,10.6,2450000.0
2021,Kensington-Cedar Cottage,5.89,64,0,1140.4,10.6,1999100.0
2023,Mount Pleasant,3.31,28,1,1048.0,10.3,731000.0
2023,Mount Pleasant,3.31,45,1,1048.0,10.3,549600.0
2023,Grandview-Woodland,5.05,94,0,1048.0,10.3,2988400.0
2023,Sunset,7.52,73,0,1048.0,10.3,1497200.0
2023,Sunset,7.52,68,0,1048.0,10.3,1855400.0
2023,Sunset,7.52,11,0,1048.0,10.3,2196000.0
2023,Sunset,7.52,44,0,1048.0,10.3,1989000.0
2023,Sunset,7.52,10,0,1048.0,10.3,2261000.0
2023,Sunset,7.52,86,0,1048.0,10.3,1595200.0
2021,Kitsilano,0.92,107,0,1140.4,10.6,2147700.0
2021,Renfrew-Collingwood,7.85,26,1,1140.4,10.6,488000.0
2023,Grandview-Woodland,5.05,61,0,1048.0,10.3,1906000.0
2023,Mount Pleasant,3.31,27,1,1048.0,10.3,893000.0
2023,Grandview-Woodland,5.05,64,0,1048.0,10.3,2282800.0
2023,Grandview-Woodland,5.05,8,0,1048.0,10.3,2389200.0
2023,Sunset,7.52,25,0,1048.0,10.3,2155000.0
2023,Sunset,7.52,23,0,1048.0,10.3,1924000.0
2023,Sunset,7.52,6,0,1048.0,10.3,2800000.0
2023,Sunset,7.52,52,0,1048.0,10.3,1468000.0
2023,Sunset,7.52,113,0,1048.0,10.3,1362300.0
2023,Sunset,7.52,6,0,1048.0,10.3,3209000.0
2023,Sunset,7.52,59,0,1048.0,10.3,1626100.0
2023,Sunset,7.52,12,0,1048.0,10.3,2017000.0
2023,Sunset,7.52,20,0,1048.0,10.3,1995000.0
2023,Sunset,7.52,30,0,1048.0,10.3,2518000.0
2023,Sunset,7.52,5,0,1048.0,10.3,3528000.0
2023,Sunset,7.52,14,0,1048.0,10.3,1951000.0
2023,Killarney,10.0,33,1,1048.0,10.3,2283000.0
2023,Killarney,10.0,24,1,1048.0,10.3,452000.0
2023,Killarney,10.0,24,1,1048.0,10.3,613000.0
2023,Killarney,10.0,33,1,1048.0,10.3,1332499.0
2023,Killarney,10.0,29,1,1048.0,10.3,520000.0
2023,Killarney,10.0,29,1,1048.0,10.3,576000.0
2023,Killarney,10.0,29,1,1048.0,10.3,514000.0
2023,Killarney,10.0,24,1,1048.0,10.3,581000.0
2023,Killarney,10.0,24,1,1048.0,10.3,592000.0
2023,Sunset,7.52,75,0,1048.0,10.3,1647600.0
2023,Sunset,7.52,48,0,1048.0,10.3,1510000.0
2023,Sunset,7.52,50,0,1048.0,10.3,1434000.0
2023,Sunset,7.52,43,0,1048.0,10.3,1329000.0
2023,Killarney,10.0,28,1,1048.0,10.3,964000.0
2023,Killarney,10.0,19,1,1048.0,10.3,658248.0
2023,Killarney,10.0,29,1,1048.0,10.3,508000.0
2023,Killarney,10.0,29,1,1048.0,10.3,863000.0
2023,Killarney,10.0,29,1,1048.0,10.3,860000.0
2023,Killarney,10.0,34,1,1048.0,10.3,1113000.0
2023,Killarney,10.0,29,1,1048.0,10.3,558000.0
2023,Killarney,10.0,31,1,1048.0,10.3,1835000.0
2023,Killarney,10.0,24,1,1048.0,10.3,649000.0
2023,Killarney,10.0,29,1,1048.0,10.3,720200.0
2023,Killarney,10.0,27,1,1048.0,10.3,1312000.0
2023,Killarney,10.0,27,1,1048.0,10.3,972000.0
2023,Killarney,10.0,28,1,1048.0,10.3,823000.0
2023,Killarney,10.0,32,1,1048.0,10.3,495000.0
2023,Killarney,10.0,32,1,1048.0,10.3,586000.0
2023,Killarney,10.0,32,1,1048.0,10.3,632000.0
2023,Killarney,10.0,25,1,1048.0,10.3,777000.0
2023,Killarney,10.0,25,1,1048.0,10.3,619000.0
2023,Killarney,10.0,26,1,1048.0,10.3,650000.0
2023,Killarney,10.0,26,1,1048.0,10.3,602000.0
2023,Kensington-Cedar Cottage,5.89,28,0,1048.0,10.3,1955000.0
2023,Kensington-Cedar Cottage,5.89,77,0,1048.0,10.3,2228000.0
2023,Kensington-Cedar Cottage,5.89,56,0,1048.0,10.3,1633800.0
2023,Kensington-Cedar Cottage,5.89,113,0,1048.0,10.3,2073600.0
2023,Kensington-Cedar Cottage,5.89,39,0,1048.0,10.3,1811000.0
2023,Kensington-Cedar Cottage,5.89,16,0,1048.0,10.3,2246000.0
2023,Kensington-Cedar Cottage,5.89,67,0,1048.0,10.3,1609700.0
2023,Grandview-Woodland,5.05,37,0,1048.0,10.3,1869000.0
2021,Renfrew-Collingwood,7.85,12,0,1140.4,10.6,2055000.0
2023,Grandview-Woodland,5.05,56,0,1048.0,10.3,1724600.0
2023,Riley Park,4.58,112,0,1048.0,10.3,2767100.0
2023,Grandview-Woodland,5.05,24,1,1048.0,10.3,1200162.0
2023,Grandview-Woodland,5.05,32,1,1048.0,10.3,780000.0
2023,Grandview-Woodland,5.05,32,1,1048.0,10.3,621000.0
2023,Grandview-Woodland,5.05,43,1,1048.0,10.3,478100.0
2023,Grandview-Woodland,5.05,43,1,1048.0,10.3,394100.0
2023,Grandview-Woodland,5.05,78,0,1048.0,10.3,2227000.0
2023,Grandview-Woodland,5.05,47,0,1048.0,10.3,1759000.0
2023,Grandview-Woodland,5.05,64,0,1048.0,10.3,2120800.0
2023,Kensington-Cedar Cottage,5.89,29,0,1048.0,10.3,1798000.0
2023,Renfrew-Collingwood,7.85,31,0,1048.0,10.3,1713000.0
2021,West End,0.57,41,1,1140.4,10.6,2060900.0
2021,Downtown,1.43,24,1,1140.4,10.6,766000.0
2023,Kensington-Cedar Cottage,5.89,34,0,1048.0,10.3,1428000.0
2023,Kensington-Cedar Cottage,5.89,30,0,1048.0,10.3,2279000.0
2023,Kensington-Cedar Cottage,5.89,113,0,1048.0,10.3,1640000.0
2023,Kensington-Cedar Cottage,5.89,34,0,1048.0,10.3,1929000.0
2023,Kensington-Cedar Cottage,5.89,28,1,1048.0,10.3,1705000.0
2023,Kensington-Cedar Cottage,5.89,77,0,1048.0,10.3,2397361.0
2023,Kensington-Cedar Cottage,5.89,16,0,1048.0,10.3,2060000.0
2023,Kensington-Cedar Cottage,5.89,24,1,1048.0,10.3,753378.0
2023,Kensington-Cedar Cottage,5.89,24,1,1048.0,10.3,747679.0
2023,Kensington-Cedar Cottage,5.89,59,0,1048.0,10.3,1488800.0
2023,Kensington-Cedar Cottage,5.89,27,0,1048.0,10.3,1978000.0
2023,Kensington-Cedar Cottage,5.89,50,0,1048.0,10.3,2092000.0
2023,Kensington-Cedar Cottage,5.89,6,0,1048.0,10.3,3186000.0
2023,Kensington-Cedar Cottage,5.89,110,0,1048.0,10.3,1844000.0
2023,Kensington-Cedar Cottage,5.89,44,0,1048.0,10.3,2291000.0
2023,Kensington-Cedar Cottage,5.89,113,0,1048.0,10.3,1613400.0
2023,Kensington-Cedar Cottage,5.89,26,1,1048.0,10.3,697000.0
2023,Kensington-Cedar Cottage,5.89,111,0,1048.0,10.3,1775000.0
2023,Kensington-Cedar Cottage,5.89,27,0,1048.0,10.3,2518000.0
2023,Kensington-Cedar Cottage,5.89,69,0,1048.0,10.3,2027400.0
2023,Kensington-Cedar Cottage,5.89,3,0,1048.0,10.3,3283000.0
2023,Kensington-Cedar Cottage,5.89,113,0,1048.0,10.3,2030400.0
2023,Kensington-Cedar Cottage,5.89,64,0,1048.0,10.3,2166400.0
2023,Kensington-Cedar Cottage,5.89,44,0,1048.0,10.3,2112000.0
2023,Kensington-Cedar Cottage,5.89,38,0,1048.0,10.3,1953000.0
2023,Kensington-Cedar Cottage,5.89,43,0,1048.0,10.3,1898000.0
2023,Kensington-Cedar Cottage,5.89,98,0,1048.0,10.3,2604000.0
2023,Kensington-Cedar Cottage,5.89,30,0,1048.0,10.3,1805000.0
2023,Kensington-Cedar Cottage,5.89,54,0,1048.0,10.3,1944800.0
2023,Kensington-Cedar Cottage,5.89,77,0,1048.0,10.3,3176700.0
2023,Kensington-Cedar Cottage,5.89,93,0,1048.0,10.3,1908500.0
2023,Kensington-Cedar Cottage,5.89,38,0,1048.0,10.3,2102000.0
2023,Kensington-Cedar Cottage,5.89,57,0,1048.0,10.3,1481000.0
2023,Kensington-Cedar Cottage,5.89,45,1,1048.0,10.3,668879.0
2023,Kensington-Cedar Cottage,5.89,111,0,1048.0,10.3,1826000.0
2023,Kensington-Cedar Cottage,5.89,23,1,1048.0,10.3,1612000.0
2023,Kensington-Cedar Cottage,5.89,101,0,1048.0,10.3,1408000.0
2023,Kensington-Cedar Cottage,5.89,27,0,1048.0,10.3,2107000.0
2023,Kensington-Cedar Cottage,5.89,46,0,1048.0,10.3,1883200.0
2023,Kensington-Cedar Cottage,5.89,82,0,1048.0,10.3,2159700.0
2023,Kensington-Cedar Cottage,5.89,111,0,1048.0,10.3,1528900.0
2023,Kensington-Cedar Cottage,5.89,113,0,1048.0,10.3,2020400.0
2023,Kensington-Cedar Cottage,5.89,38,0,1048.0,10.3,1863000.0
2023,Kensington-Cedar Cottage,5.89,21,0,1048.0,10.3,2516000.0
2023,Kensington-Cedar Cottage,5.89,69,0,1048.0,10.3,2804900.0
2023,Kensington-Cedar Cottage,5.89,111,0,1048.0,10.3,1815600.0
2023,Kensington-Cedar Cottage,5.89,69,0,1048.0,10.3,1650300.0
2023,Kensington-Cedar Cottage,5.89,98,0,1048.0,10.3,1914200.0
2023,Kensington-Cedar Cottage,5.89,12,0,1048.0,10.3,2610000.0
2023,Kensington-Cedar Cottage,5.89,115,0,1048.0,10.3,2372000.0
2023,Kensington-Cedar Cottage,5.89,55,0,1048.0,10.3,2208000.0
2023,Kensington-Cedar Cottage,5.89,20,0,1048.0,10.3,1988000.0
2023,Kensington-Cedar Cottage,5.89,35,0,1048.0,10.3,1856000.0
2023,Kensington-Cedar Cottage,5.89,70,0,1048.0,10.3,1880000.0
2023,Kensington-Cedar Cottage,5.89,31,0,1048.0,10.3,1842000.0
2023,Kensington-Cedar Cottage,5.89,34,0,1048.0,10.3,1890000.0
2023,Kensington-Cedar Cottage,5.89,20,0,1048.0,10.3,2093000.0
2023,Grandview-Woodland,5.05,26,1,1048.0,10.3,823400.0
2023,Grandview-Woodland,5.05,26,1,1048.0,10.3,808000.0
2023,Kensington-Cedar Cottage,5.89,55,0,1048.0,10.3,2283000.0
2023,Kensington-Cedar Cottage,5.89,15,0,1048.0,10.3,2489000.0
2023,Kensington-Cedar Cottage,5.89,12,0,1048.0,10.3,3278000.0
2023,Kensington-Cedar Cottage,5.89,3,0,1048.0,10.3,3600000.0
2023,Kensington-Cedar Cottage,5.89,29,1,1048.0,10.3,889009.0
2023,Kensington-Cedar Cottage,5.89,55,0,1048.0,10.3,2006100.0
2023,Kensington-Cedar Cottage,5.89,36,0,1048.0,10.3,2157000.0
2023,Kensington-Cedar Cottage,5.89,44,0,1048.0,10.3,1881000.0
2023,Kensington-Cedar Cottage,5.89,36,0,1048.0,10.3,1527000.0
2023,Kensington-Cedar Cottage,5.89,36,0,1048.0,10.3,1769000.0
2023,Kensington-Cedar Cottage,5.89,56,0,1048.0,10.3,1338200.0
2023,Kensington-Cedar Cottage,5.89,78,0,1048.0,10.3,1969100.0
2023,Kensington-Cedar Cottage,5.89,110,0,1048.0,10.3,2021000.0
2023,Sunset,7.52,70,0,1048.0,10.3,2261000.0
2023,Sunset,7.52,69,0,1048.0,10.3,1992000.0
2023,Kensington-Cedar Cottage,5.89,39,0,1048.0,10.3,1856000.0
2023,Sunset,7.52,73,0,1048.0,10.3,1777200.0
2023,Kensington-Cedar Cottage,5.89,31,0,1048.0,10.3,2244000.0
2023,Kensington-Cedar Cottage,5.89,28,1,1048.0,10.3,1278000.0
2023,Renfrew-Collingwood,7.85,72,0,1048.0,10.3,1538600.0
2023,Renfrew-Collingwood,7.85,111,0,1048.0,10.3,1547900.0
2023,Renfrew-Collingwood,7.85,76,0,1048.0,10.3,1498200.0
2023,Renfrew-Collingwood,7.85,10,0,1048.0,10.3,2156000.0
2023,Renfrew-Collingwood,7.85,47,0,1048.0,10.3,1540000.0
2023,Renfrew-Collingwood,7.85,79,0,1048.0,10.3,1606800.0
2023,Renfrew-Collingwood,7.85,65,0,1048.0,10.3,1793000.0
2023,Renfrew-Collingwood,7.85,24,1,1048.0,10.3,570000.0
2023,Renfrew-Collingwood,7.85,19,0,1048.0,10.3,1755000.0
2023,Renfrew-Collingwood,7.85,14,0,1048.0,10.3,1936000.0
2023,Kensington-Cedar Cottage,5.89,4,0,1048.0,10.3,2334000.0
2023,Kensington-Cedar Cottage,5.89,97,0,1048.0,10.3,1509100.0
2023,Hastings-Sunrise,6.96,95,0,1048.0,10.3,1616800.0
2023,Kensington-Cedar Cottage,5.89,57,0,1048.0,10.3,1606300.0
2023,Hastings-Sunrise,6.96,81,0,1048.0,10.3,1629100.0
2023,Kensington-Cedar Cottage,5.89,79,0,1048.0,10.3,2016300.0
2023,Kensington-Cedar Cottage,5.89,65,0,1048.0,10.3,1341700.0
2023,Kensington-Cedar Cottage,5.89,59,0,1048.0,10.3,1829000.0
2023,Hastings-Sunrise,6.96,11,0,1048.0,10.3,2311000.0
2023,Hastings-Sunrise,6.96,49,0,1048.0,10.3,1535000.0
2023,Hastings-Sunrise,6.96,35,0,1048.0,10.3,1660000.0
2023,Hastings-Sunrise,6.96,31,0,1048.0,10.3,2330000.0
2023,Hastings-Sunrise,6.96,34,0,1048.0,10.3,1651000.0
2023,Hastings-Sunrise,6.96,81,0,1048.0,10.3,1711300.0
2023,Hastings-Sunrise,6.96,111,0,1048.0,10.3,2759000.0
2023,Hastings-Sunrise,6.96,65,0,1048.0,10.3,1547000.0
2023,Hastings-Sunrise,6.96,92,0,1048.0,10.3,1450400.0
2023,Hastings-Sunrise,6.96,28,0,1048.0,10.3,1814000.0
2023,Hastings-Sunrise,6.96,31,0,1048.0,10.3,1612000.0
2023,Hastings-Sunrise,6.96,72,0,1048.0,10.3,1400600.0
2023,Hastings-Sunrise,6.96,34,0,1048.0,10.3,1604000.0
2023,Hastings-Sunrise,6.96,15,0,1048.0,10.3,1810000.0
2023,Hastings-Sunrise,6.96,4,0,1048.0,10.3,2020775.0
2023,Hastings-Sunrise,6.96,23,0,1048.0,10.3,2060000.0
2023,Hastings-Sunrise,6.96,68,0,1048.0,10.3,1481500.0
2023,Hastings-Sunrise,6.96,66,0,1048.0,10.3,1733700.0
2021,Kensington-Cedar Cottage,5.89,97,0,1140.4,10.6,1656000.0
2021,Downtown,1.43,27,1,1140.4,10.6,541000.0
2021,Shaughnessy,3.33,3,0,1140.4,10.6,3917000.0
2021,Renfrew-Collingwood,7.85,74,0,1140.4,10.6,2091000.0
2023,Grandview-Woodland,5.05,50,1,1048.0,10.3,860700.0
2023,Sunset,7.52,68,0,1048.0,10.3,1502700.0
2023,Sunset,7.52,45,0,1048.0,10.3,2068000.0
2023,Sunset,7.52,76,0,1048.0,10.3,1847000.0
2023,Renfrew-Collingwood,7.85,5,1,1048.0,10.3,633000.0
2023,Renfrew-Collingwood,7.85,5,1,1048.0,10.3,567000.0
2023,Renfrew-Collingwood,7.85,5,1,1048.0,10.3,650000.0
2023,Renfrew-Collingwood,7.85,5,1,1048.0,10.3,612000.0
2023,Renfrew-Collingwood,7.85,5,1,1048.0,10.3,641000.0
2023,Fairview,1.75,16,1,1048.0,10.3,793000.0
2023,Kensington-Cedar Cottage,5.89,16,1,1048.0,10.3,1054000.0
2023,Fairview,1.75,16,1,1048.0,10.3,1070000.0
2023,Kensington-Cedar Cottage,5.89,16,1,1048.0,10.3,1124000.0
2023,Fairview,1.75,16,1,1048.0,10.3,839000.0
2023,Grandview-Woodland,5.05,3,1,1048.0,10.3,1556200.0
2023,Fairview,1.75,16,1,1048.0,10.3,1112000.0
2023,Kensington-Cedar Cottage,5.89,16,1,1048.0,10.3,814000.0
2023,Renfrew-Collingwood,7.85,60,0,1048.0,10.3,1416100.0
2023,Renfrew-Collingwood,7.85,30,1,1048.0,10.3,653000.0
2023,Renfrew-Collingwood,7.85,25,1,1048.0,10.3,675000.0
2023,Renfrew-Collingwood,7.85,46,1,1048.0,10.3,569000.0
2023,Renfrew-Collingwood,7.85,26,1,1048.0,10.3,438000.0
2023,Renfrew-Collingwood,7.85,34,1,1048.0,10.3,693000.0
2023,Renfrew-Collingwood,7.85,20,1,1048.0,10.3,833000.0
2023,Renfrew-Collingwood,7.85,20,1,1048.0,10.3,728000.0
2023,Victoria-Fraserview,8.47,68,0,1048.0,10.3,1664000.0
2023,Victoria-Fraserview,8.47,107,0,1048.0,10.3,1206546.0
2023,Victoria-Fraserview,8.47,43,0,1048.0,10.3,1863000.0
2023,Victoria-Fraserview,8.47,66,0,1048.0,10.3,1575300.0
2023,Victoria-Fraserview,8.47,60,0,1048.0,10.3,2011300.0
2023,Victoria-Fraserview,8.47,28,0,1048.0,10.3,2232000.0
2023,Killarney,10.0,28,0,1048.0,10.3,2450000.0
2023,West End,0.57,42,1,1048.0,10.3,2149000.0
2023,Downtown,1.43,23,1,1048.0,10.3,553000.0
2023,Downtown,1.43,23,1,1048.0,10.3,853000.0
2023,Downtown,1.43,25,1,1048.0,10.3,796000.0
2023,West End,0.57,40,1,1048.0,10.3,634800.0
2023,West End,0.57,40,1,1048.0,10.3,814000.0
2023,Sunset,7.52,56,0,1048.0,10.3,1891800.0
2021,Hastings-Sunrise,6.96,10,0,1140.4,10.6,1846000.0
2021,Kitsilano,0.92,108,1,1140.4,10.6,718800.0
2021,Renfrew-Collingwood,7.85,44,0,1140.4,10.6,1536000.0
2021,Mount Pleasant,3.31,111,0,1140.4,10.6,1485000.0
2021,Kitsilano,0.92,21,1,1140.4,10.6,820000.0
2021,Dunbar-Southlands,3.76,91,0,1140.4,10.6,1763300.0
2023,Sunset,7.52,8,0,1048.0,10.3,3325000.0
2023,Sunset,7.52,18,0,1048.0,10.3,2291000.0
2023,Sunset,7.52,26,0,1048.0,10.3,2471000.0
2023,Sunset,7.52,20,0,1048.0,10.3,2240000.0
2023,Sunset,7.52,47,0,1048.0,10.3,1943000.0
2023,Kensington-Cedar Cottage,5.89,76,0,1048.0,10.3,1969000.0
2023,Sunset,7.52,35,1,1048.0,10.3,1285000.0
2023,Kensington-Cedar Cottage,5.89,33,1,1048.0,10.3,460700.0
2023,Sunset,7.52,61,0,1048.0,10.3,1892400.0
2023,Sunset,7.52,66,0,1048.0,10.3,1575826.0
2023,Sunset,7.52,69,0,1048.0,10.3,1794000.0
2023,Sunset,7.52,21,0,1048.0,10.3,2035000.0
2023,Sunset,7.52,38,0,1048.0,10.3,1840000.0
2023,Sunset,7.52,34,0,1048.0,10.3,1846000.0
2023,Sunset,7.52,73,0,1048.0,10.3,1621758.0
2023,Sunset,7.52,13,0,1048.0,10.3,1970637.0
2023,Sunset,7.52,37,0,1048.0,10.3,1675440.0
2023,Sunset,7.52,20,0,1048.0,10.3,3330000.0
2023,Sunset,7.52,34,0,1048.0,10.3,2285000.0
2023,Sunset,7.52,34,0,1048.0,10.3,1923000.0
2023,Sunset,7.52,111,0,1048.0,10.3,1886100.0
2023,Sunset,7.52,111,0,1048.0,10.3,1898700.0
2023,Sunset,7.52,68,0,1048.0,10.3,2449900.0
2023,Sunset,7.52,52,0,1048.0,10.3,2505000.0
2023,Sunset,7.52,25,0,1048.0,10.3,2534000.0
2023,Sunset,7.52,20,0,1048.0,10.3,2660000.0
2023,Sunset,7.52,39,0,1048.0,10.3,1956000.0
2023,Sunset,7.52,64,0,1048.0,10.3,1759200.0
2023,Sunset,7.52,30,0,1048.0,10.3,2047000.0
2023,Sunset,7.52,38,0,1048.0,10.3,1704000.0
2023,Sunset,7.52,44,0,1048.0,10.3,2435000.0
2023,Sunset,7.52,62,0,1048.0,10.3,1763700.0
2023,Renfrew-Collingwood,7.85,15,0,1048.0,10.3,1918000.0
2023,Renfrew-Collingwood,7.85,75,0,1048.0,10.3,1669900.0
2023,Renfrew-Collingwood,7.85,75,0,1048.0,10.3,1877500.0
2023,Renfrew-Collingwood,7.85,11,0,1048.0,10.3,2332000.0
2023,Renfrew-Collingwood,7.85,55,0,1048.0,10.3,1560600.0
2023,Renfrew-Collingwood,7.85,50,0,1048.0,10.3,1784600.0
2023,Renfrew-Collingwood,7.85,14,0,1048.0,10.3,2568000.0
2023,Renfrew-Collingwood,7.85,3,0,1048.0,10.3,2529801.0
2023,Renfrew-Collingwood,7.85,26,0,1048.0,10.3,1841000.0
2023,Renfrew-Collingwood,7.85,57,0,1048.0,10.3,1697500.0
2021,Kensington-Cedar Cottage,5.89,15,0,1140.4,10.6,1664000.0
2023,Sunset,7.52,27,0,1048.0,10.3,2200000.0
2023,Sunset,7.52,28,0,1048.0,10.3,1801000.0
2023,Renfrew-Collingwood,7.85,43,0,1048.0,10.3,1634000.0
2023,Renfrew-Collingwood,7.85,36,0,1048.0,10.3,1789000.0
2023,Renfrew-Collingwood,7.85,55,0,1048.0,10.3,1812400.0
2023,Renfrew-Collingwood,7.85,35,0,1048.0,10.3,1816000.0
2023,Renfrew-Collingwood,7.85,9,0,1048.0,10.3,2690000.0
2023,Renfrew-Collingwood,7.85,66,0,1048.0,10.3,1808200.0
2023,Renfrew-Collingwood,7.85,49,0,1048.0,10.3,1673400.0
2023,Renfrew-Collingwood,7.85,29,1,1048.0,10.3,1113000.0
2023,Renfrew-Collingwood,7.85,38,0,1048.0,10.3,1708000.0
2023,Renfrew-Collingwood,7.85,59,0,1048.0,10.3,1625300.0
2023,Renfrew-Collingwood,7.85,54,0,1048.0,10.3,1588800.0
2023,Renfrew-Collingwood,7.85,44,1,1048.0,10.3,448100.0
2023,Renfrew-Collingwood,7.85,31,0,1048.0,10.3,1847000.0
2023,Renfrew-Collingwood,7.85,31,0,1048.0,10.3,2282000.0
2023,Renfrew-Collingwood,7.85,22,0,1048.0,10.3,1674000.0
2023,Renfrew-Collingwood,7.85,47,0,1048.0,10.3,1769500.0
2023,Renfrew-Collingwood,7.85,28,1,1048.0,10.3,1282000.0
2023,Renfrew-Collingwood,7.85,28,1,1048.0,10.3,1048000.0
2023,Renfrew-Collingwood,7.85,19,0,1048.0,10.3,2354000.0
2023,Renfrew-Collingwood,7.85,43,0,1048.0,10.3,1829000.0
2023,Renfrew-Collingwood,7.85,13,0,1048.0,10.3,2460000.0
2023,Renfrew-Collingwood,7.85,69,0,1048.0,10.3,1913100.0
2023,Renfrew-Collingwood,7.85,60,0,1048.0,10.3,2331000.0
2023,Renfrew-Collingwood,7.85,51,0,1048.0,10.3,1741000.0
2023,Renfrew-Collingwood,7.85,70,0,1048.0,10.3,2436080.0
2023,Renfrew-Collingwood,7.85,29,1,1048.0,10.3,488000.0
2023,Renfrew-Collingwood,7.85,29,1,1048.0,10.3,339800.0
2023,Renfrew-Collingwood,7.85,112,0,1048.0,10.3,1447400.0
2023,Renfrew-Collingwood,7.85,29,1,1048.0,10.3,305000.0
2023,Renfrew-Collingwood,7.85,21,0,1048.0,10.3,1667000.0
2023,Renfrew-Collingwood,7.85,75,0,1048.0,10.3,1465000.0
2023,Renfrew-Collingwood,7.85,76,0,1048.0,10.3,1426200.0
2023,Renfrew-Collingwood,7.85,36,0,1048.0,10.3,1910000.0
2023,Renfrew-Collingwood,7.85,28,0,1048.0,10.3,2653000.0
2023,Renfrew-Collingwood,7.85,30,0,1048.0,10.3,1680000.0
2023,Renfrew-Collingwood,7.85,95,0,1048.0,10.3,1397200.0
2023,Renfrew-Collingwood,7.85,20,0,1048.0,10.3,1811000.0
2023,Renfrew-Collingwood,7.85,28,1,1048.0,10.3,376000.0
2023,Renfrew-Collingwood,7.85,34,0,1048.0,10.3,1529000.0
2023,Renfrew-Collingwood,7.85,31,1,1048.0,10.3,576000.0
2023,Renfrew-Collingwood,7.85,28,1,1048.0,10.3,451000.0
2023,Renfrew-Collingwood,7.85,81,0,1048.0,10.3,1732900.0
2023,Renfrew-Collingwood,7.85,28,1,1048.0,10.3,456000.0
2023,Renfrew-Collingwood,7.85,28,1,1048.0,10.3,621000.0
2023,Renfrew-Collingwood,7.85,123,0,1048.0,10.3,1487900.0
2023,Renfrew-Collingwood,7.85,28,1,1048.0,10.3,484000.0
2023,Renfrew-Collingwood,7.85,29,1,1048.0,10.3,421000.0
2023,Renfrew-Collingwood,7.85,73,0,1048.0,10.3,1464600.0
2023,Renfrew-Collingwood,7.85,28,1,1048.0,10.3,621000.0
2023,Renfrew-Collingwood,7.85,29,1,1048.0,10.3,517000.0
2023,Renfrew-Collingwood,7.85,31,1,1048.0,10.3,739000.0
2023,Renfrew-Collingwood,7.85,20,0,1048.0,10.3,1900000.0
2023,Sunset,7.52,29,0,1048.0,10.3,1960000.0
2023,Sunset,7.52,29,0,1048.0,10.3,1982000.0
2023,Sunset,7.52,16,0,1048.0,10.3,1918000.0
2023,Sunset,7.52,14,0,1048.0,10.3,2579000.0
2023,Sunset,7.52,50,0,1048.0,10.3,1661100.0
2023,Sunset,7.52,30,0,1048.0,10.3,2281000.0
2023,Kensington-Cedar Cottage,5.89,48,0,1048.0,10.3,2043900.0
2023,Kensington-Cedar Cottage,5.89,68,0,1048.0,10.3,1576000.0
2023,Kensington-Cedar Cottage,5.89,70,0,1048.0,10.3,2070000.0
2023,Kensington-Cedar Cottage,5.89,26,0,1048.0,10.3,1769000.0
2023,Kensington-Cedar Cottage,5.89,43,0,1048.0,10.3,1710000.0
2023,Kensington-Cedar Cottage,5.89,30,0,1048.0,10.3,1745000.0
2023,Kensington-Cedar Cottage,5.89,58,0,1048.0,10.3,1953000.0
2023,Kensington-Cedar Cottage,5.89,32,0,1048.0,10.3,1404000.0
2023,Kensington-Cedar Cottage,5.89,14,0,1048.0,10.3,2418000.0
2023,Kensington-Cedar Cottage,5.89,113,0,1048.0,10.3,1935000.0
2023,Kensington-Cedar Cottage,5.89,23,1,1048.0,10.3,560000.0
2023,Kensington-Cedar Cottage,5.89,73,0,1048.0,10.3,3396000.0
2023,Kensington-Cedar Cottage,5.89,50,0,1048.0,10.3,1648000.0
2023,Kensington-Cedar Cottage,5.89,40,0,1048.0,10.3,1694000.0
2023,Kensington-Cedar Cottage,5.89,30,0,1048.0,10.3,1858000.0
2023,Kensington-Cedar Cottage,5.89,19,1,1048.0,10.3,1232000.0
2023,Kensington-Cedar Cottage,5.89,82,0,1048.0,10.3,1806400.0
2023,Kensington-Cedar Cottage,5.89,52,0,1048.0,10.3,1880000.0
2023,Kensington-Cedar Cottage,5.89,32,0,1048.0,10.3,1661000.0
2023,Kensington-Cedar Cottage,5.89,75,0,1048.0,10.3,1554500.0
2023,Kensington-Cedar Cottage,5.89,26,0,1048.0,10.3,1813000.0
2023,Hastings-Sunrise,6.96,18,0,1048.0,10.3,1906000.0
2023,Hastings-Sunrise,6.96,31,0,1048.0,10.3,1665000.0
2023,Kensington-Cedar Cottage,5.89,21,1,1048.0,10.3,425000.0
2023,Sunset,7.52,80,0,1048.0,10.3,1495700.0
2023,Sunset,7.52,20,0,1048.0,10.3,2177000.0
2023,Sunset,7.52,70,0,1048.0,10.3,1823000.0
2023,Sunset,7.52,73,0,1048.0,10.3,1978400.0
2023,Sunset,7.52,70,0,1048.0,10.3,1619100.0
2021,Victoria-Fraserview,8.47,61,0,1140.4,10.6,1476500.0
2023,Sunset,7.52,73,0,1048.0,10.3,1732900.0
2023,Hastings-Sunrise,6.96,76,0,1048.0,10.3,1862609.0
2023,Hastings-Sunrise,6.96,111,0,1048.0,10.3,2153000.0
2023,Hastings-Sunrise,6.96,98,0,1048.0,10.3,2094000.0
2023,Hastings-Sunrise,6.96,11,0,1048.0,10.3,2953000.0
2023,Hastings-Sunrise,6.96,98,0,1048.0,10.3,1819400.0
2023,Hastings-Sunrise,6.96,26,1,1048.0,10.3,951000.0
2023,Hastings-Sunrise,6.96,26,1,1048.0,10.3,926000.0
2023,Hastings-Sunrise,6.96,97,0,1048.0,10.3,2021356.0
2023,Hastings-Sunrise,6.96,112,0,1048.0,10.3,1670700.0
2023,Hastings-Sunrise,6.96,57,0,1048.0,10.3,1964800.0
2023,Hastings-Sunrise,6.96,76,0,1048.0,10.3,1548200.0
2023,Hastings-Sunrise,6.96,96,0,1048.0,10.3,1854724.0
2023,Hastings-Sunrise,6.96,97,0,1048.0,10.3,1831700.0
2023,Hastings-Sunrise,6.96,49,0,1048.0,10.3,1535200.0
2023,Hastings-Sunrise,6.96,69,0,1048.0,10.3,3974000.0
2023,Hastings-Sunrise,6.96,113,0,1048.0,10.3,1810800.0
2023,Hastings-Sunrise,6.96,110,0,1048.0,10.3,1654000.0
2023,Hastings-Sunrise,6.96,98,0,1048.0,10.3,1914000.0
2023,Hastings-Sunrise,6.96,74,0,1048.0,10.3,2849000.0
2023,Hastings-Sunrise,6.96,112,0,1048.0,10.3,1726500.0
2023,Hastings-Sunrise,6.96,95,0,1048.0,10.3,1901015.0
2023,Hastings-Sunrise,6.96,21,1,1048.0,10.3,475000.0
2023,Hastings-Sunrise,6.96,21,1,1048.0,10.3,603000.0
2023,Hastings-Sunrise,6.96,110,0,1048.0,10.3,1633300.0
2023,Hastings-Sunrise,6.96,97,0,1048.0,10.3,1659200.0
2023,Hastings-Sunrise,6.96,98,0,1048.0,10.3,1691900.0
2023,Hastings-Sunrise,6.96,43,0,1048.0,10.3,1718000.0
2023,Hastings-Sunrise,6.96,18,1,1048.0,10.3,495000.0
2023,Hastings-Sunrise,6.96,18,1,1048.0,10.3,470000.0
2023,Hastings-Sunrise,6.96,18,1,1048.0,10.3,480000.0
2023,Hastings-Sunrise,6.96,95,0,1048.0,10.3,2501000.0
2023,Hastings-Sunrise,6.96,75,1,1048.0,10.3,787500.0
2023,Hastings-Sunrise,6.96,75,1,1048.0,10.3,791900.0
2023,Hastings-Sunrise,6.96,75,1,1048.0,10.3,638900.0
2023,Hastings-Sunrise,6.96,95,0,1048.0,10.3,1667100.0
2023,Hastings-Sunrise,6.96,32,0,1048.0,10.3,1873000.0
2023,Hastings-Sunrise,6.96,30,0,1048.0,10.3,1740000.0
2023,Hastings-Sunrise,6.96,83,0,1048.0,10.3,1596000.0
2023,Hastings-Sunrise,6.96,75,0,1048.0,10.3,1549100.0
2023,Hastings-Sunrise,6.96,111,0,1048.0,10.3,1534700.0
2023,Hastings-Sunrise,6.96,18,0,1048.0,10.3,2294000.0
2023,Hastings-Sunrise,6.96,109,0,1048.0,10.3,1543700.0
2023,Hastings-Sunrise,6.96,41,0,1048.0,10.3,1858400.0
2023,Hastings-Sunrise,6.96,76,0,1048.0,10.3,1562200.0
2023,Hastings-Sunrise,6.96,63,0,1048.0,10.3,1560400.0
2023,Hastings-Sunrise,6.96,109,0,1048.0,10.3,1540400.0
2023,Hastings-Sunrise,6.96,28,0,1048.0,10.3,1808000.0
2023,Hastings-Sunrise,6.96,93,0,1048.0,10.3,1539600.0
2023,Hastings-Sunrise,6.96,26,0,1048.0,10.3,1749000.0
2023,Hastings-Sunrise,6.96,56,0,1048.0,10.3,1905300.0
2023,Hastings-Sunrise,6.96,78,0,1048.0,10.3,1792700.0
2023,Hastings-Sunrise,6.96,39,0,1048.0,10.3,1591200.0
2023,Hastings-Sunrise,6.96,79,0,1048.0,10.3,1846900.0
2023,Hastings-Sunrise,6.96,2,0,1048.0,10.3,2883000.0
2023,Hastings-Sunrise,6.96,60,0,1048.0,10.3,1647729.0
2023,Hastings-Sunrise,6.96,36,0,1048.0,10.3,2094000.0
2023,Hastings-Sunrise,6.96,16,0,1048.0,10.3,2502000.0
2023,Hastings-Sunrise,6.96,65,0,1048.0,10.3,1806859.0
2023,Hastings-Sunrise,6.96,93,0,1048.0,10.3,1914000.0
2023,Hastings-Sunrise,6.96,9,0,1048.0,10.3,2418000.0
2023,Hastings-Sunrise,6.96,94,0,1048.0,10.3,1704800.0
2023,Hastings-Sunrise,6.96,54,0,1048.0,10.3,1739700.0
2023,Hastings-Sunrise,6.96,72,0,1048.0,10.3,1925300.0
2023,Hastings-Sunrise,6.96,48,0,1048.0,10.3,1789000.0
2023,Hastings-Sunrise,6.96,64,0,1048.0,10.3,1718200.0
2023,Hastings-Sunrise,6.96,18,0,1048.0,10.3,2379000.0
2023,Hastings-Sunrise,6.96,19,0,1048.0,10.3,2119000.0
2023,Hastings-Sunrise,6.96,36,0,1048.0,10.3,1860000.0
2023,Hastings-Sunrise,6.96,81,0,1048.0,10.3,1774000.0
2023,Hastings-Sunrise,6.96,23,0,1048.0,10.3,2172000.0
2023,Hastings-Sunrise,6.96,76,0,1048.0,10.3,1722700.0
2023,Hastings-Sunrise,6.96,17,0,1048.0,10.3,2038000.0
2023,Hastings-Sunrise,6.96,22,0,1048.0,10.3,2042000.0
2023,Renfrew-Collingwood,7.85,70,0,1048.0,10.3,1633300.0
2023,Renfrew-Collingwood,7.85,49,0,1048.0,10.3,1760000.0
2023,Hastings-Sunrise,6.96,76,0,1048.0,10.3,1692000.0
2023,Renfrew-Collingwood,7.85,56,0,1048.0,10.3,1569100.0
2023,Hastings-Sunrise,6.96,47,0,1048.0,10.3,1780000.0
2023,Hastings-Sunrise,6.96,43,0,1048.0,10.3,1779000.0
2023,Hastings-Sunrise,6.96,88,0,1048.0,10.3,1687200.0
2023,Renfrew-Collingwood,7.85,67,0,1048.0,10.3,1594404.0
2023,Hastings-Sunrise,6.96,29,1,1048.0,10.3,308000.0
2023,Hastings-Sunrise,6.96,28,1,1048.0,10.3,1004000.0
2023,Hastings-Sunrise,6.96,29,1,1048.0,10.3,320000.0
2023,Hastings-Sunrise,6.96,36,0,1048.0,10.3,2534228.0
2023,Renfrew-Collingwood,7.85,73,0,1048.0,10.3,1479800.0
2023,Renfrew-Collingwood,7.85,23,0,1048.0,10.3,1873000.0
2023,Renfrew-Collingwood,7.85,35,0,1048.0,10.3,1823000.0
2023,Renfrew-Collingwood,7.85,78,0,1048.0,10.3,1469900.0
2023,Renfrew-Collingwood,7.85,75,0,1048.0,10.3,1612900.0
2023,Renfrew-Collingwood,7.85,52,0,1048.0,10.3,1546700.0
2023,Renfrew-Collingwood,7.85,10,0,1048.0,10.3,2593000.0
2023,Renfrew-Collingwood,7.85,75,0,1048.0,10.3,1744200.0
2023,Renfrew-Collingwood,7.85,18,0,1048.0,10.3,2002000.0
2023,Renfrew-Collingwood,7.85,74,0,1048.0,10.3,1658500.0
2023,Renfrew-Collingwood,7.85,75,0,1048.0,10.3,1704500.0
2023,Renfrew-Collingwood,7.85,57,0,1048.0,10.3,1858900.0
2023,Renfrew-Collingwood,7.85,2,0,1048.0,10.3,2711800.0
2023,Renfrew-Collingwood,7.85,27,0,1048.0,10.3,1839000.0
2023,Killarney,10.0,24,1,1048.0,10.3,384000.0
2023,Killarney,10.0,33,1,1048.0,10.3,2604000.0
2023,Killarney,10.0,24,1,1048.0,10.3,390000.0
2023,Killarney,10.0,31,1,1048.0,10.3,530000.0
2023,Killarney,10.0,46,1,1048.0,10.3,1220838.0
2023,Mount Pleasant,3.31,13,0,1048.0,10.3,2.0
2023,Marpole,7.34,5,1,1048.0,10.3,837000.0
2023,Marpole,7.34,5,1,1048.0,10.3,532000.0
2023,Mount Pleasant,3.31,14,1,1048.0,10.3,1354000.0
2023,Mount Pleasant,3.31,14,1,1048.0,10.3,1766000.0
2023,Mount Pleasant,3.31,4,1,1048.0,10.3,1251000.0
2023,Renfrew-Collingwood,7.85,7,1,1048.0,10.3,973000.0
2023,Downtown,1.43,2,1,1048.0,10.3,1213000.0
2023,Mount Pleasant,3.31,14,1,1048.0,10.3,1681000.0
2023,Downtown,1.43,2,1,1048.0,10.3,2014000.0
2023,Mount Pleasant,3.31,14,1,1048.0,10.3,812000.0
2023,Downtown,1.43,2,1,1048.0,10.3,2088000.0
2023,Marpole,7.34,5,1,1048.0,10.3,1158000.0
2023,Mount Pleasant,3.31,14,1,1048.0,10.3,913000.0
2023,Marpole,7.34,5,1,1048.0,10.3,979000.0
2023,Renfrew-Collingwood,7.85,2,1,1048.0,10.3,687000.0
2023,Riley Park,4.58,8,1,1048.0,10.3,1368000.0
2023,Killarney,10.0,17,1,1048.0,10.3,1185122.0
2023,Downtown,1.43,14,1,1048.0,10.3,532000.0
2023,Downtown,1.43,10,1,1048.0,10.3,902000.0
2023,Killarney,10.0,11,1,1048.0,10.3,1527000.0
2023,Renfrew-Collingwood,7.85,17,1,1048.0,10.3,365800.0
2023,Kerrisdale,5.6,8,1,1048.0,10.3,669000.0
2023,Kitsilano,0.92,6,1,1048.0,10.3,786000.0
2023,Renfrew-Collingwood,7.85,17,1,1048.0,10.3,511000.0
2023,Fairview,1.75,13,1,1048.0,10.3,674000.0
2023,Kensington-Cedar Cottage,5.89,10,1,1048.0,10.3,1800000.0
2023,Kensington-Cedar Cottage,5.89,10,1,1048.0,10.3,725000.0
2023,Riley Park,4.58,8,1,1048.0,10.3,1205000.0
2023,Oakridge,5.77,4,1,1048.0,10.3,2176000.0
2023,Downtown,1.43,17,1,1048.0,10.3,886000.0
2023,Riley Park,4.58,8,1,1048.0,10.3,1506000.0
2023,Downtown,1.43,10,1,1048.0,10.3,4171000.0
2023,Downtown,1.43,17,1,1048.0,10.3,600000.0
2023,Riley Park,4.58,3,1,1048.0,10.3,1319000.0
2023,Riley Park,4.58,3,1,1048.0,10.3,1467000.0
2023,Kitsilano,0.92,16,1,1048.0,10.3,888000.0
2023,Kitsilano,0.92,15,1,1048.0,10.3,580000.0
2023,Grandview-Woodland,5.05,7,1,1048.0,10.3,700000.0
2023,Killarney,10.0,10,1,1048.0,10.3,752000.0
2023,Renfrew-Collingwood,7.85,10,1,1048.0,10.3,623000.0
2023,Renfrew-Collingwood,7.85,10,1,1048.0,10.3,462000.0
2023,Downtown,1.43,10,1,1048.0,10.3,977000.0
2023,Sunset,7.52,64,0,1048.0,10.3,1965000.0
2023,Killarney,10.0,29,1,1048.0,10.3,863000.0
2023,Downtown,1.43,6,1,1048.0,10.3,681000.0
2023,Kensington-Cedar Cottage,5.89,12,1,1048.0,10.3,753000.0
2023,Kensington-Cedar Cottage,5.89,12,1,1048.0,10.3,904000.0
2023,Kensington-Cedar Cottage,5.89,12,1,1048.0,10.3,799000.0
2023,Downtown,1.43,14,1,1048.0,10.3,606000.0
2023,Downtown,1.43,3,1,1048.0,10.3,1673000.0
2023,Downtown,1.43,3,1,1048.0,10.3,2752000.0
2023,Fairview,1.75,17,1,1048.0,10.3,597000.0
2023,Fairview,1.75,14,1,1048.0,10.3,643000.0
2023,Downtown,1.43,10,1,1048.0,10.3,820000.0
2023,Mount Pleasant,3.31,8,1,1048.0,10.3,704000.0
2023,Mount Pleasant,3.31,6,1,1048.0,10.3,838000.0
2023,Mount Pleasant,3.31,9,1,1048.0,10.3,940000.0
2023,Fairview,1.75,15,1,1048.0,10.3,27334.0
2023,Downtown,1.43,14,1,1048.0,10.3,555000.0
2023,Downtown,1.43,15,1,1048.0,10.3,1011000.0
2023,Downtown,1.43,10,1,1048.0,10.3,794000.0
2023,Kensington-Cedar Cottage,5.89,6,1,1048.0,10.3,1350000.0
2023,Mount Pleasant,3.31,14,1,1048.0,10.3,1079000.0
2023,Renfrew-Collingwood,7.85,10,1,1048.0,10.3,486000.0
2023,Renfrew-Collingwood,7.85,10,1,1048.0,10.3,617000.0
2023,Downtown,1.43,15,1,1048.0,10.3,1069000.0
2023,Mount Pleasant,3.31,14,1,1048.0,10.3,1125000.0
2023,Downtown,1.43,17,1,1048.0,10.3,671000.0
2023,Fairview,1.75,10,1,1048.0,10.3,998000.0
2023,Fairview,1.75,17,1,1048.0,10.3,962000.0
2023,Downtown,1.43,13,1,1048.0,10.3,864000.0
2023,Downtown,1.43,6,1,1048.0,10.3,962000.0
2023,Oakridge,5.77,9,1,1048.0,10.3,1791000.0
2023,Downtown,1.43,3,1,1048.0,10.3,1099000.0
2023,Mount Pleasant,3.31,2,1,1048.0,10.3,684000.0
2023,Kensington-Cedar Cottage,5.89,12,1,1048.0,10.3,1079000.0
2023,Downtown,1.43,3,1,1048.0,10.3,1548000.0
2023,Downtown,1.43,17,1,1048.0,10.3,1183000.0
2023,Downtown,1.43,6,1,1048.0,10.3,572000.0
2023,Killarney,10.0,29,1,1048.0,10.3,699000.0
2023,Killarney,10.0,29,1,1048.0,10.3,860000.0
2023,Killarney,10.0,34,1,1048.0,10.3,983000.0
2023,Killarney,10.0,29,1,1048.0,10.3,659000.0
2023,Killarney,10.0,29,1,1048.0,10.3,681000.0
2023,Downtown,1.43,10,1,1048.0,10.3,724000.0
2023,Downtown,1.43,18,1,1048.0,10.3,2724000.0
2023,Downtown,1.43,17,1,1048.0,10.3,1000000.0
2023,Mount Pleasant,3.31,8,1,1048.0,10.3,688000.0
2023,Downtown,1.43,14,1,1048.0,10.3,496000.0
2023,Downtown,1.43,18,1,1048.0,10.3,2723000.0
2023,Killarney,10.0,10,1,1048.0,10.3,640000.0
2023,Kitsilano,0.92,15,1,1048.0,10.3,922000.0
2023,Downtown,1.43,17,1,1048.0,10.3,564000.0
2023,Fairview,1.75,9,1,1048.0,10.3,735000.0
2023,Renfrew-Collingwood,7.85,10,1,1048.0,10.3,482000.0
2023,Grandview-Woodland,5.05,10,1,1048.0,10.3,1704000.0
2023,Renfrew-Collingwood,7.85,10,1,1048.0,10.3,688412.0
2023,Downtown,1.43,10,1,1048.0,10.3,812000.0
2023,Victoria-Fraserview,8.47,3,1,1048.0,10.3,1181000.0
2023,Renfrew-Collingwood,7.85,10,1,1048.0,10.3,600000.0
2023,Mount Pleasant,3.31,10,1,1048.0,10.3,1379000.0
2023,Renfrew-Collingwood,7.85,10,1,1048.0,10.3,744000.0
2023,Downtown,1.43,15,1,1048.0,10.3,1188000.0
2023,Downtown,1.43,15,1,1048.0,10.3,623000.0
2023,Mount Pleasant,3.31,8,1,1048.0,10.3,1025000.0
2021,Hastings-Sunrise,6.96,91,0,1140.4,10.6,1238300.0
2021,Renfrew-Collingwood,7.85,24,1,1140.4,10.6,531000.0
2023,Killarney,10.0,19,1,1048.0,10.3,787055.0
2023,Killarney,10.0,44,1,1048.0,10.3,1743000.0
2023,Kensington-Cedar Cottage,5.89,17,1,1048.0,10.3,1349000.0
2023,Kensington-Cedar Cottage,5.89,9,1,1048.0,10.3,942000.0
2023,Riley Park,4.58,6,1,1048.0,10.3,787000.0
2023,Kensington-Cedar Cottage,5.89,17,1,1048.0,10.3,1599000.0
2023,Kensington-Cedar Cottage,5.89,12,1,1048.0,10.3,1056000.0
2023,Kitsilano,0.92,7,1,1048.0,10.3,829000.0
2023,Kensington-Cedar Cottage,5.89,12,1,1048.0,10.3,771000.0
2023,Mount Pleasant,3.31,2,1,1048.0,10.3,769000.0
2023,Killarney,10.0,33,1,1048.0,10.3,1858000.0
2023,Killarney,10.0,29,1,1048.0,10.3,1020000.0
2023,Killarney,10.0,28,1,1048.0,10.3,769000.0
2023,Killarney,10.0,28,1,1048.0,10.3,797000.0
2023,Renfrew-Collingwood,7.85,6,1,1048.0,10.3,1533000.0
2023,Kensington-Cedar Cottage,5.89,12,1,1048.0,10.3,1671332.0
2023,Downtown,1.43,13,1,1048.0,10.3,761000.0
2023,Grandview-Woodland,5.05,13,1,1048.0,10.3,1175000.0
2023,Mount Pleasant,3.31,2,1,1048.0,10.3,1531000.0
2023,Fairview,1.75,10,1,1048.0,10.3,2379000.0
2023,Oakridge,5.77,7,1,1048.0,10.3,654000.0
2023,Kensington-Cedar Cottage,5.89,6,1,1048.0,10.3,1520000.0
2023,Kensington-Cedar Cottage,5.89,6,1,1048.0,10.3,1537000.0
2023,Oakridge,5.77,7,1,1048.0,10.3,656000.0
2023,Grandview-Woodland,5.05,3,1,1048.0,10.3,1673000.0
2023,Mount Pleasant,3.31,2,1,1048.0,10.3,1663000.0
2023,Downtown,1.43,3,1,1048.0,10.3,1056000.0
2023,Mount Pleasant,3.31,11,1,1048.0,10.3,1291000.0
2023,Downtown,1.43,17,1,1048.0,10.3,2414000.0
2023,Downtown,1.43,17,1,1048.0,10.3,1549000.0
2023,Downtown,1.43,13,1,1048.0,10.3,445200.0
2021,Kensington-Cedar Cottage,5.89,37,0,1140.4,10.6,1646800.0
2021,Downtown,1.43,27,1,1140.4,10.6,587000.0
2023,Riley Park,4.58,93,0,1048.0,10.3,2991100.0
2023,Riley Park,4.58,101,0,1048.0,10.3,3289000.0
2023,Riley Park,4.58,7,0,1048.0,10.3,3393000.0
2023,Riley Park,4.58,112,0,1048.0,10.3,2887000.0
2023,Riley Park,4.58,26,0,1048.0,10.3,3915000.0
2023,Downtown,1.43,14,1,1048.0,10.3,501000.0
2023,Downtown,1.43,14,1,1048.0,10.3,1063000.0
2023,Fairview,1.75,14,1,1048.0,10.3,1200000.0
2023,Downtown,1.43,17,1,1048.0,10.3,722000.0
2023,Downtown,1.43,17,1,1048.0,10.3,913000.0
2023,Kensington-Cedar Cottage,5.89,12,1,1048.0,10.3,927000.0
2023,Downtown,1.43,17,1,1048.0,10.3,1054000.0
2023,Kensington-Cedar Cottage,5.89,12,1,1048.0,10.3,784000.0
2023,Kensington-Cedar Cottage,5.89,12,1,1048.0,10.3,715000.0
2023,Riley Park,4.58,2,1,1048.0,10.3,816000.0
2023,Renfrew-Collingwood,7.85,25,1,1048.0,10.3,620000.0
2023,Renfrew-Collingwood,7.85,50,0,1048.0,10.3,1556800.0
2023,Renfrew-Collingwood,7.85,72,0,1048.0,10.3,1600600.0
2023,Renfrew-Collingwood,7.85,25,1,1048.0,10.3,464000.0
2023,Renfrew-Collingwood,7.85,18,1,1048.0,10.3,549000.0
2023,Renfrew-Collingwood,7.85,50,0,1048.0,10.3,1925400.0
2023,Renfrew-Collingwood,7.85,26,1,1048.0,10.3,601000.0
2023,Renfrew-Collingwood,7.85,48,1,1048.0,10.3,517400.0
2023,Renfrew-Collingwood,7.85,22,1,1048.0,10.3,848000.0
2023,Renfrew-Collingwood,7.85,50,0,1048.0,10.3,2280100.0
2023,Renfrew-Collingwood,7.85,33,0,1048.0,10.3,1665000.0
2023,Renfrew-Collingwood,7.85,16,0,1048.0,10.3,2052000.0
2023,Renfrew-Collingwood,7.85,103,0,1048.0,10.3,1981300.0
2023,Renfrew-Collingwood,7.85,23,1,1048.0,10.3,372000.0
2023,Renfrew-Collingwood,7.85,25,1,1048.0,10.3,658000.0
2023,Renfrew-Collingwood,7.85,25,1,1048.0,10.3,771000.0
2023,Renfrew-Collingwood,7.85,100,0,1048.0,10.3,1474700.0
2023,Renfrew-Collingwood,7.85,28,1,1048.0,10.3,393000.0
2023,Renfrew-Collingwood,7.85,17,0,1048.0,10.3,2462000.0
2023,Renfrew-Collingwood,7.85,21,0,1048.0,10.3,2004000.0
2023,Renfrew-Collingwood,7.85,18,0,1048.0,10.3,2399000.0
2023,Renfrew-Collingwood,7.85,30,1,1048.0,10.3,603000.0
2023,Renfrew-Collingwood,7.85,49,0,1048.0,10.3,1480900.0
2023,Renfrew-Collingwood,7.85,96,0,1048.0,10.3,1422000.0
2023,Renfrew-Collingwood,7.85,34,0,1048.0,10.3,1477000.0
2023,Killarney,10.0,29,1,1048.0,10.3,569000.0
2023,Killarney,10.0,32,1,1048.0,10.3,618000.0
2023,Renfrew-Collingwood,7.85,26,0,1048.0,10.3,1850000.0
2023,Renfrew-Collingwood,7.85,40,1,1048.0,10.3,363900.0
2023,Renfrew-Collingwood,7.85,20,1,1048.0,10.3,576000.0
2023,Renfrew-Collingwood,7.85,25,0,1048.0,10.3,1748000.0
2023,Renfrew-Collingwood,7.85,11,0,1048.0,10.3,1862000.0
2023,Renfrew-Collingwood,7.85,75,0,1048.0,10.3,1443500.0
2023,Renfrew-Collingwood,7.85,83,0,1048.0,10.3,1635600.0
2023,Renfrew-Collingwood,7.85,26,1,1048.0,10.3,595000.0
2023,Renfrew-Collingwood,7.85,19,1,1048.0,10.3,618000.0
2023,Renfrew-Collingwood,7.85,28,1,1048.0,10.3,610000.0
2023,Renfrew-Collingwood,7.85,18,1,1048.0,10.3,513000.0
2023,Victoria-Fraserview,8.47,44,0,1048.0,10.3,1796000.0
2023,Victoria-Fraserview,8.47,23,0,1048.0,10.3,1936000.0
2023,Victoria-Fraserview,8.47,10,0,1048.0,10.3,3415000.0
2023,Victoria-Fraserview,8.47,49,0,1048.0,10.3,1740000.0
2023,Victoria-Fraserview,8.47,26,0,1048.0,10.3,2099238.0
2023,Victoria-Fraserview,8.47,43,0,1048.0,10.3,2187000.0
2023,Victoria-Fraserview,8.47,4,0,1048.0,10.3,2661000.0
2023,Killarney,10.0,26,0,1048.0,10.3,2480000.0
2023,Victoria-Fraserview,8.47,13,0,1048.0,10.3,3094000.0
2023,Victoria-Fraserview,8.47,61,0,1048.0,10.3,1700700.0
2023,Victoria-Fraserview,8.47,11,0,1048.0,10.3,2352000.0
2023,Victoria-Fraserview,8.47,38,1,1048.0,10.3,858008.0
2023,Victoria-Fraserview,8.47,51,1,1048.0,10.3,592700.0
2023,Victoria-Fraserview,8.47,59,0,1048.0,10.3,1895500.0
2023,Killarney,10.0,37,0,1048.0,10.3,1918000.0
2023,Victoria-Fraserview,8.47,61,0,1048.0,10.3,1932000.0
2023,Victoria-Fraserview,8.47,66,0,1048.0,10.3,2359300.0
2023,Victoria-Fraserview,8.47,33,0,1048.0,10.3,2434000.0
2023,Victoria-Fraserview,8.47,26,1,1048.0,10.3,385000.0
2023,Killarney,10.0,30,0,1048.0,10.3,2346000.0
2023,Killarney,10.0,24,0,1048.0,10.3,2190000.0
2023,Victoria-Fraserview,8.47,28,0,1048.0,10.3,2011000.0
2023,Victoria-Fraserview,8.47,29,0,1048.0,10.3,1990000.0
2023,Victoria-Fraserview,8.47,12,0,1048.0,10.3,2347000.0
2023,Victoria-Fraserview,8.47,66,0,1048.0,10.3,2223400.0
2023,Victoria-Fraserview,8.47,12,0,1048.0,10.3,2813000.0
2023,Victoria-Fraserview,8.47,39,0,1048.0,10.3,1763000.0
2023,Victoria-Fraserview,8.47,94,0,1048.0,10.3,1743700.0
2021,Arbutus Ridge,3.05,93,0,1140.4,10.6,2205500.0
2023,Kensington-Cedar Cottage,5.89,54,0,1048.0,10.3,2051700.0
2023,Kensington-Cedar Cottage,5.89,72,0,1048.0,10.3,1567600.0
2023,Victoria-Fraserview,8.47,9,0,1048.0,10.3,2811000.0
2023,Victoria-Fraserview,8.47,64,0,1048.0,10.3,1950200.0
2023,Victoria-Fraserview,8.47,40,0,1048.0,10.3,1644000.0
2023,Victoria-Fraserview,8.47,33,0,1048.0,10.3,1825000.0
2023,Victoria-Fraserview,8.47,35,0,1048.0,10.3,1893000.0
2023,Victoria-Fraserview,8.47,26,0,1048.0,10.3,2011000.0
2023,Victoria-Fraserview,8.47,45,0,1048.0,10.3,1738000.0
2023,Victoria-Fraserview,8.47,25,0,1048.0,10.3,1889000.0
2023,Victoria-Fraserview,8.47,64,0,1048.0,10.3,1786700.0
2023,Victoria-Fraserview,8.47,71,0,1048.0,10.3,1959100.0
2021,Grandview-Woodland,5.05,111,0,1140.4,10.6,1149000.0
2021,Hastings-Sunrise,6.96,28,0,1140.4,10.6,2024000.0
2023,Kensington-Cedar Cottage,5.89,77,0,1048.0,10.3,1290500.0
2023,Kensington-Cedar Cottage,5.89,70,0,1048.0,10.3,1339800.0
2023,Kensington-Cedar Cottage,5.89,14,0,1048.0,10.3,2231000.0
2023,Victoria-Fraserview,8.47,61,0,1048.0,10.3,1860600.0
2023,Victoria-Fraserview,8.47,101,0,1048.0,10.3,1847800.0
2023,Killarney,10.0,73,0,1048.0,10.3,2258653.0
2023,Killarney,10.0,33,1,1048.0,10.3,610000.0
2023,Victoria-Fraserview,8.47,13,0,1048.0,10.3,2062000.0
2023,Victoria-Fraserview,8.47,44,0,1048.0,10.3,2428000.0
2023,Victoria-Fraserview,8.47,36,0,1048.0,10.3,2021000.0
2023,Victoria-Fraserview,8.47,60,0,1048.0,10.3,1693500.0
2023,Victoria-Fraserview,8.47,63,0,1048.0,10.3,1821200.0
2023,Killarney,10.0,73,0,1048.0,10.3,1806056.0
2023,Killarney,10.0,15,0,1048.0,10.3,2706000.0
2023,Victoria-Fraserview,8.47,27,0,1048.0,10.3,1926000.0
2023,Victoria-Fraserview,8.47,58,0,1048.0,10.3,1667965.0
2023,Victoria-Fraserview,8.47,47,0,1048.0,10.3,1649100.0
2023,Victoria-Fraserview,8.47,43,0,1048.0,10.3,2187000.0
2023,Victoria-Fraserview,8.47,30,0,1048.0,10.3,1736000.0
2023,Victoria-Fraserview,8.47,42,0,1048.0,10.3,1632900.0
2023,Victoria-Fraserview,8.47,48,0,1048.0,10.3,1701000.0
2023,Victoria-Fraserview,8.47,8,0,1048.0,10.3,2515000.0
2023,Victoria-Fraserview,8.47,64,0,1048.0,10.3,2083800.0
2023,Victoria-Fraserview,8.47,47,0,1048.0,10.3,2201000.0
2023,Victoria-Fraserview,8.47,60,0,1048.0,10.3,1793800.0
2023,Victoria-Fraserview,8.47,66,0,1048.0,10.3,1801500.0
2023,Victoria-Fraserview,8.47,22,0,1048.0,10.3,2218000.0
2023,Kensington-Cedar Cottage,5.89,37,0,1048.0,10.3,1664000.0
2023,Kensington-Cedar Cottage,5.89,28,0,1048.0,10.3,1952000.0
2023,Kensington-Cedar Cottage,5.89,67,0,1048.0,10.3,1955300.0
2023,Kensington-Cedar Cottage,5.89,67,0,1048.0,10.3,1697900.0
2023,Kensington-Cedar Cottage,5.89,47,0,1048.0,10.3,1741700.0
2023,Kensington-Cedar Cottage,5.89,22,0,1048.0,10.3,1931000.0
2021,Kitsilano,0.92,39,0,1140.4,10.6,4523000.0
2021,Grandview-Woodland,5.05,96,0,1140.4,10.6,1344400.0
2021,Killarney,10.0,43,0,1140.4,10.6,1880000.0
2023,Grandview-Woodland,5.05,111,0,1048.0,10.3,2048300.0
2023,Grandview-Woodland,5.05,111,0,1048.0,10.3,1774000.0
2023,Grandview-Woodland,5.05,73,0,1048.0,10.3,1599300.0
2023,Grandview-Woodland,5.05,33,1,1048.0,10.3,634000.0
2023,Grandview-Woodland,5.05,33,1,1048.0,10.3,822000.0
2023,Grandview-Woodland,5.05,69,0,1048.0,10.3,1966800.0
2023,Killarney,10.0,36,0,1048.0,10.3,2464000.0
2023,Killarney,10.0,4,0,1048.0,10.3,3489000.0
2023,Killarney,10.0,40,1,1048.0,10.3,611000.0
2023,Killarney,10.0,40,1,1048.0,10.3,619000.0
2023,Killarney,10.0,28,0,1048.0,10.3,2547000.0
2023,Killarney,10.0,50,0,1048.0,10.3,2171234.0
2023,Killarney,10.0,51,1,1048.0,10.3,739900.0
2023,Killarney,10.0,61,0,1048.0,10.3,2040200.0
2023,Killarney,10.0,19,1,1048.0,10.3,935000.0
2023,Killarney,10.0,43,0,1048.0,10.3,1308800.0
2023,Killarney,10.0,13,0,1048.0,10.3,2845000.0
2023,Killarney,10.0,4,0,1048.0,10.3,3184000.0
2023,Killarney,10.0,35,1,1048.0,10.3,1090000.0
2023,Downtown,1.43,40,1,1048.0,10.3,725000.0
2023,Downtown,1.43,18,1,1048.0,10.3,670000.0
2023,Killarney,10.0,19,1,1048.0,10.3,697000.0
2023,Killarney,10.0,19,1,1048.0,10.3,776000.0
2023,Killarney,10.0,40,0,1048.0,10.3,1399600.0
2023,Killarney,10.0,21,0,1048.0,10.3,2381000.0
2023,Killarney,10.0,18,0,1048.0,10.3,2369000.0
2023,Killarney,10.0,32,0,1048.0,10.3,2353000.0
2023,Downtown,1.43,40,1,1048.0,10.3,702000.0
2023,Killarney,10.0,44,1,1048.0,10.3,996621.0
2023,Killarney,10.0,51,1,1048.0,10.3,1044939.0
2023,Killarney,10.0,3,0,1048.0,10.3,2815200.0
2023,Killarney,10.0,24,0,1048.0,10.3,2247000.0
2023,Downtown,1.43,28,1,1048.0,10.3,724000.0
2023,Downtown,1.43,18,1,1048.0,10.3,752000.0
2023,Killarney,10.0,59,0,1048.0,10.3,2284300.0
2023,Killarney,10.0,58,0,1048.0,10.3,2251000.0
2023,Killarney,10.0,71,0,1048.0,10.3,2073900.0
2023,Killarney,10.0,43,1,1048.0,10.3,555500.0
2023,Killarney,10.0,44,1,1048.0,10.3,991000.0
2023,Killarney,10.0,37,1,1048.0,10.3,1061112.0
2023,Killarney,10.0,18,1,1048.0,10.3,927000.0
2023,Killarney,10.0,21,0,1048.0,10.3,2617000.0
2023,Killarney,10.0,59,0,1048.0,10.3,2175500.0
2023,Killarney,10.0,18,1,1048.0,10.3,1193000.0
2023,Killarney,10.0,18,0,1048.0,10.3,2648000.0
2023,Killarney,10.0,50,0,1048.0,10.3,2033323.0
2023,Killarney,10.0,21,0,1048.0,10.3,1590000.0
2023,Killarney,10.0,59,0,1048.0,10.3,1443100.0
2023,Killarney,10.0,35,1,1048.0,10.3,999000.0
2023,Killarney,10.0,51,0,1048.0,10.3,2107408.0
2023,Downtown,1.43,28,1,1048.0,10.3,619000.0
2023,Kensington-Cedar Cottage,5.89,111,0,1048.0,10.3,1427900.0
2023,Downtown,1.43,28,1,1048.0,10.3,845000.0
2023,Downtown,1.43,28,1,1048.0,10.3,847000.0
2023,Killarney,10.0,41,1,1048.0,10.3,814000.0
2023,Killarney,10.0,33,1,1048.0,10.3,1047000.0
2023,Killarney,10.0,33,1,1048.0,10.3,1062252.0
2023,Downtown,1.43,28,1,1048.0,10.3,614000.0
2023,Downtown,1.43,25,1,1048.0,10.3,594900.0
2023,Downtown,1.43,25,1,1048.0,10.3,538800.0
2021,Marpole,7.34,92,0,1140.4,10.6,1784600.0
2021,Renfrew-Collingwood,7.85,16,1,1140.4,10.6,443000.0
2021,Downtown,1.43,16,1,1140.4,10.6,681000.0
2023,Mount Pleasant,3.31,2,1,1048.0,10.3,743000.0
2023,Mount Pleasant,3.31,13,1,1048.0,10.3,105500.0
2023,Downtown,1.43,3,1,1048.0,10.3,1182000.0
2023,Fairview,1.75,6,1,1048.0,10.3,3072000.0
2023,Riley Park,4.58,6,1,1048.0,10.3,1400000.0
2023,Kensington-Cedar Cottage,5.89,6,1,1048.0,10.3,1427000.0
2023,Fairview,1.75,17,1,1048.0,10.3,957000.0
2023,Downtown,1.43,66,1,1048.0,10.3,537000.0
2023,Downtown,1.43,48,1,1048.0,10.3,95000.0
2023,Downtown,1.43,24,1,1048.0,10.3,195100.0
2023,Downtown,1.43,18,1,1048.0,10.3,591000.0
2023,Downtown,1.43,21,1,1048.0,10.3,1399000.0
2023,Downtown,1.43,27,1,1048.0,10.3,591000.0
2023,Downtown,1.43,26,1,1048.0,10.3,464300.0
2023,Downtown,1.43,66,1,1048.0,10.3,806000.0
2023,Downtown,1.43,23,1,1048.0,10.3,137500.0
2023,Downtown,1.43,28,1,1048.0,10.3,1112000.0
2023,Downtown,1.43,28,1,1048.0,10.3,656000.0
2023,Downtown,1.43,21,1,1048.0,10.3,2074000.0
2023,Downtown,1.43,23,1,1048.0,10.3,142400.0
2023,Downtown,1.43,28,1,1048.0,10.3,848000.0
2023,Downtown,1.43,24,1,1048.0,10.3,432500.0
2023,Downtown,1.43,27,1,1048.0,10.3,783000.0
2023,Downtown,1.43,66,1,1048.0,10.3,987000.0
2023,Downtown,1.43,18,1,1048.0,10.3,807000.0
2023,Downtown,1.43,24,1,1048.0,10.3,350000.0
2023,Downtown,1.43,23,1,1048.0,10.3,3795000.0
2023,Downtown,1.43,27,1,1048.0,10.3,334100.0
2023,Downtown,1.43,24,1,1048.0,10.3,403000.0
2023,Downtown,1.43,27,1,1048.0,10.3,488000.0
2023,Downtown,1.43,48,1,1048.0,10.3,230536.0
2023,Downtown,1.43,23,1,1048.0,10.3,137000.0
2023,Downtown,1.43,29,1,1048.0,10.3,318000.0
2023,Downtown,1.43,29,1,1048.0,10.3,138900.0
2023,Downtown,1.43,20,1,1048.0,10.3,1325000.0
2023,Downtown,1.43,18,1,1048.0,10.3,731000.0
2023,Downtown,1.43,29,1,1048.0,10.3,137700.0
2023,Downtown,1.43,32,1,1048.0,10.3,600600.0
2023,Downtown,1.43,121,1,1048.0,10.3,963000.0
2023,Downtown,1.43,48,1,1048.0,10.3,667313.0
2023,Downtown,1.43,29,1,1048.0,10.3,230700.0
2023,Downtown,1.43,27,1,1048.0,10.3,1168000.0
2023,Downtown,1.43,24,1,1048.0,10.3,1319229.0
2023,Downtown,1.43,66,1,1048.0,10.3,524000.0
2023,Downtown,1.43,20,1,1048.0,10.3,908056.0
2023,Downtown,1.43,66,1,1048.0,10.3,545000.0
2023,Downtown,1.43,40,1,1048.0,10.3,885200.0
2023,Downtown,1.43,40,1,1048.0,10.3,1101000.0
2023,West End,0.57,49,1,1048.0,10.3,508900.0
2023,Kensington-Cedar Cottage,5.89,30,1,1048.0,10.3,768000.0
2023,Kensington-Cedar Cottage,5.89,27,1,1048.0,10.3,672000.0
2023,Kensington-Cedar Cottage,5.89,25,1,1048.0,10.3,781000.0
2023,Kensington-Cedar Cottage,5.89,31,1,1048.0,10.3,935000.0
2023,Kensington-Cedar Cottage,5.89,39,0,1048.0,10.3,3130000.0
2023,Kensington-Cedar Cottage,5.89,32,1,1048.0,10.3,701000.0
2023,Kensington-Cedar Cottage,5.89,30,1,1048.0,10.3,1051000.0
2023,Downtown,1.43,24,1,1048.0,10.3,2.0
2023,Downtown,1.43,24,1,1048.0,10.3,261000.0
2023,Downtown,1.43,24,1,1048.0,10.3,612000.0
2023,Downtown,1.43,24,1,1048.0,10.3,502000.0
2021,Oakridge,5.77,9,0,1140.4,10.6,3213000.0
2021,West End,0.57,35,1,1140.4,10.6,720000.0
2021,West End,0.57,32,1,1140.4,10.6,543000.0
2021,Downtown,1.43,39,0,1140.4,10.6,3289000.0
2021,Downtown,1.43,18,1,1140.4,10.6,1497000.0
2021,Downtown,1.43,22,1,1140.4,10.6,754000.0
2023,Marpole,7.34,33,1,1048.0,10.3,1334000.0
2023,Marpole,7.34,42,1,1048.0,10.3,411500.0
2023,Marpole,7.34,95,0,1048.0,10.3,2569000.0
2023,Marpole,7.34,35,1,1048.0,10.3,878000.0
2023,Marpole,7.34,38,1,1048.0,10.3,417036.0
2023,Downtown,1.43,24,1,1048.0,10.3,340000.0
2023,West End,0.57,46,1,1048.0,10.3,723000.0
2023,Downtown,1.43,24,1,1048.0,10.3,659000.0
2023,Downtown,1.43,25,1,1048.0,10.3,715000.0
2023,Downtown,1.43,25,1,1048.0,10.3,964000.0
2023,West End,0.57,43,1,1048.0,10.3,970000.0
2023,Downtown,1.43,24,1,1048.0,10.3,976000.0
2023,Downtown,1.43,26,1,1048.0,10.3,587000.0
2023,West End,0.57,32,1,1048.0,10.3,987000.0
2023,Downtown,1.43,25,1,1048.0,10.3,768000.0
2023,Downtown,1.43,29,1,1048.0,10.3,1049000.0
2023,West End,0.57,49,1,1048.0,10.3,636700.0
2023,West End,0.57,29,1,1048.0,10.3,1059000.0
2023,West End,0.57,33,1,1048.0,10.3,1261000.0
2023,West End,0.57,44,1,1048.0,10.3,2194000.0
2023,West End,0.57,33,1,1048.0,10.3,955000.0
2023,West End,0.57,47,1,1048.0,10.3,644000.0
2023,West End,0.57,35,1,1048.0,10.3,613000.0
2023,West End,0.57,20,1,1048.0,10.3,593000.0
2023,West End,0.57,20,1,1048.0,10.3,497000.0
2023,West End,0.57,41,1,1048.0,10.3,687000.0
2023,West End,0.57,46,1,1048.0,10.3,478300.0
2023,West End,0.57,51,1,1048.0,10.3,848500.0
2023,West End,0.57,38,1,1048.0,10.3,714000.0
2023,West End,0.57,31,1,1048.0,10.3,1182000.0
2023,West End,0.57,31,1,1048.0,10.3,1248000.0
2023,Downtown,1.43,23,1,1048.0,10.3,855000.0
2023,Downtown,1.43,113,1,1048.0,10.3,290200.0
2023,Downtown,1.43,33,1,1048.0,10.3,558000.0
2023,Downtown,1.43,21,1,1048.0,10.3,435000.0
2023,Downtown,1.43,20,1,1048.0,10.3,1439000.0
2023,Downtown,1.43,24,1,1048.0,10.3,692000.0
2023,Downtown,1.43,29,1,1048.0,10.3,646000.0
2023,Downtown,1.43,25,1,1048.0,10.3,614000.0
2023,Downtown,1.43,22,1,1048.0,10.3,2420710.0
2023,Downtown,1.43,19,1,1048.0,10.3,1893000.0
2023,Downtown,1.43,25,1,1048.0,10.3,466000.0
2023,Downtown,1.43,31,1,1048.0,10.3,854000.0
2023,Downtown,1.43,27,1,1048.0,10.3,853000.0
2023,Downtown,1.43,37,1,1048.0,10.3,994000.0
2023,Downtown,1.43,29,1,1048.0,10.3,831000.0
2023,Downtown,1.43,29,1,1048.0,10.3,930000.0
2023,Downtown,1.43,26,1,1048.0,10.3,248500.0
2023,Downtown,1.43,34,1,1048.0,10.3,729000.0
2021,Renfrew-Collingwood,7.85,93,0,1140.4,10.6,1213600.0
2021,Kensington-Cedar Cottage,5.89,95,0,1140.4,10.6,1295600.0
2023,Downtown,1.43,6,1,1048.0,10.3,835000.0
2023,Kensington-Cedar Cottage,5.89,12,1,1048.0,10.3,1061000.0
2023,West End,0.57,38,1,1048.0,10.3,440000.0
2023,Downtown,1.43,24,1,1048.0,10.3,640000.0
2023,Downtown,1.43,24,1,1048.0,10.3,694000.0
2023,Downtown,1.43,26,1,1048.0,10.3,734000.0
2023,Downtown,1.43,26,1,1048.0,10.3,696000.0
2023,Downtown,1.43,26,1,1048.0,10.3,769000.0
2023,Downtown,1.43,24,1,1048.0,10.3,175600.0
2023,Downtown,1.43,24,1,1048.0,10.3,534000.0
2023,Downtown,1.43,25,1,1048.0,10.3,754000.0
2023,Downtown,1.43,24,1,1048.0,10.3,315000.0
2021,Hastings-Sunrise,6.96,99,0,1140.4,10.6,1204200.0
2023,Kensington-Cedar Cottage,5.89,111,0,1048.0,10.3,2073000.0
2023,Kensington-Cedar Cottage,5.89,113,0,1048.0,10.3,1512200.0
2023,Kensington-Cedar Cottage,5.89,41,0,1048.0,10.3,1627000.0
2023,West End,0.57,37,1,1048.0,10.3,619400.0
2023,West End,0.57,41,1,1048.0,10.3,689000.0
2023,West End,0.57,46,1,1048.0,10.3,622600.0
2023,West End,0.57,43,1,1048.0,10.3,689000.0
2023,West End,0.57,36,1,1048.0,10.3,742000.0
2023,West End,0.57,32,1,1048.0,10.3,1866000.0
2023,West End,0.57,49,1,1048.0,10.3,552200.0
2023,West End,0.57,37,1,1048.0,10.3,698000.0
2023,West End,0.57,42,1,1048.0,10.3,737000.0
2023,West End,0.57,48,1,1048.0,10.3,766000.0
2023,West End,0.57,48,1,1048.0,10.3,510800.0
2023,West End,0.57,27,1,1048.0,10.3,979000.0
2023,West End,0.57,25,1,1048.0,10.3,853000.0
2023,West End,0.57,40,1,1048.0,10.3,606000.0
2023,West End,0.57,27,1,1048.0,10.3,1241000.0
2023,West End,0.57,38,1,1048.0,10.3,883000.0
2023,West End,0.57,47,1,1048.0,10.3,553800.0
2023,West End,0.57,43,1,1048.0,10.3,543000.0
2023,West End,0.57,49,1,1048.0,10.3,1057000.0
2023,West End,0.57,43,1,1048.0,10.3,1678745.0
2023,West End,0.57,49,1,1048.0,10.3,4087000.0
2023,West End,0.57,47,1,1048.0,10.3,560000.0
2023,West End,0.57,52,1,1048.0,10.3,588400.0
2023,West End,0.57,43,1,1048.0,10.3,584200.0
2023,West End,0.57,37,1,1048.0,10.3,788000.0
2023,West End,0.57,41,1,1048.0,10.3,727000.0
2023,West End,0.57,51,1,1048.0,10.3,593100.0
2023,Renfrew-Collingwood,7.85,18,1,1048.0,10.3,501000.0
2023,Renfrew-Collingwood,7.85,30,0,1048.0,10.3,2554000.0
2023,Renfrew-Collingwood,7.85,22,1,1048.0,10.3,488000.0
2023,Renfrew-Collingwood,7.85,22,1,1048.0,10.3,539000.0
2023,Renfrew-Collingwood,7.85,18,1,1048.0,10.3,526000.0
2023,Renfrew-Collingwood,7.85,30,0,1048.0,10.3,1805000.0
2023,Renfrew-Collingwood,7.85,12,0,1048.0,10.3,2714000.0
2023,Renfrew-Collingwood,7.85,103,0,1048.0,10.3,1583600.0
2023,Kensington-Cedar Cottage,5.89,40,0,1048.0,10.3,2216000.0
2021,Grandview-Woodland,5.05,94,0,1140.4,10.6,1604000.0
2021,Riley Park,4.58,24,1,1140.4,10.6,634000.0
2021,Kitsilano,0.92,109,0,1140.4,10.6,2507000.0
2021,Fairview,1.75,36,1,1140.4,10.6,1049000.0
2021,Kitsilano,0.92,28,1,1140.4,10.6,861000.0
2021,Kitsilano,0.92,22,1,1140.4,10.6,1042000.0
2021,Kitsilano,0.92,30,0,1140.4,10.6,2395000.0
2021,Hastings-Sunrise,6.96,30,0,1140.4,10.6,1527000.0
2023,Kensington-Cedar Cottage,5.89,113,0,1048.0,10.3,2186000.0
2023,Kensington-Cedar Cottage,5.89,29,0,1048.0,10.3,1911000.0
2023,Kensington-Cedar Cottage,5.89,115,0,1048.0,10.3,2135000.0
2023,Kensington-Cedar Cottage,5.89,102,0,1048.0,10.3,2042000.0
2023,Kensington-Cedar Cottage,5.89,9,0,1048.0,10.3,2330000.0
2023,Kensington-Cedar Cottage,5.89,97,0,1048.0,10.3,1830200.0
2023,Kensington-Cedar Cottage,5.89,109,0,1048.0,10.3,1682600.0
2023,Downtown,1.43,26,1,1048.0,10.3,1731000.0
2023,Downtown,1.43,27,1,1048.0,10.3,519000.0
2023,Downtown,1.43,27,1,1048.0,10.3,522000.0
2023,West End,0.57,45,1,1048.0,10.3,530500.0
2023,Downtown,1.43,26,1,1048.0,10.3,2684000.0
2023,Downtown,1.43,41,1,1048.0,10.3,474708.0
2023,Downtown,1.43,24,1,1048.0,10.3,2922000.0
2023,Downtown,1.43,21,1,1048.0,10.3,3638000.0
2023,West End,0.57,39,1,1048.0,10.3,651400.0
2023,Downtown,1.43,21,1,1048.0,10.3,2753000.0
2023,Downtown,1.43,41,1,1048.0,10.3,476000.0
2023,West End,0.57,24,1,1048.0,10.3,467000.0
2023,West End,0.57,39,1,1048.0,10.3,575700.0
2023,Downtown,1.43,26,1,1048.0,10.3,1913000.0
2023,Downtown,1.43,29,1,1048.0,10.3,603000.0
2023,West End,0.57,46,1,1048.0,10.3,1543000.0
2023,Downtown,1.43,41,1,1048.0,10.3,536900.0
2023,West End,0.57,43,1,1048.0,10.3,544000.0
2023,Downtown,1.43,42,1,1048.0,10.3,483300.0
2023,Downtown,1.43,29,1,1048.0,10.3,628000.0
2023,Downtown,1.43,20,1,1048.0,10.3,620000.0
2023,West End,0.57,24,1,1048.0,10.3,780000.0
2023,West End,0.57,42,1,1048.0,10.3,441200.0
2023,Downtown,1.43,20,1,1048.0,10.3,2032000.0
2023,Downtown,1.43,20,1,1048.0,10.3,755000.0
2023,Downtown,1.43,37,1,1048.0,10.3,616000.0
2023,West End,0.57,33,1,1048.0,10.3,797000.0
2023,West End,0.57,29,1,1048.0,10.3,2107000.0
2023,Downtown,1.43,20,1,1048.0,10.3,1993000.0
2023,Downtown,1.43,30,1,1048.0,10.3,566000.0
2023,West End,0.57,33,1,1048.0,10.3,975000.0
2023,Downtown,1.43,26,1,1048.0,10.3,1444000.0
2023,Downtown,1.43,19,1,1048.0,10.3,1321000.0
2023,West End,0.57,33,1,1048.0,10.3,979000.0
2023,West End,0.57,33,1,1048.0,10.3,1028000.0
2023,Downtown,1.43,20,1,1048.0,10.3,3163000.0
2023,Downtown,1.43,19,1,1048.0,10.3,2463000.0
2023,Downtown,1.43,19,1,1048.0,10.3,1318000.0
2023,Downtown,1.43,19,1,1048.0,10.3,3036000.0
2023,Downtown,1.43,41,1,1048.0,10.3,463083.0
2023,Downtown,1.43,29,1,1048.0,10.3,470000.0
2023,Downtown,1.43,25,1,1048.0,10.3,503000.0
2023,Downtown,1.43,23,1,1048.0,10.3,675000.0
2023,Downtown,1.43,28,1,1048.0,10.3,890000.0
2023,Downtown,1.43,20,1,1048.0,10.3,705000.0
2023,Downtown,1.43,31,1,1048.0,10.3,1054000.0
2023,Downtown,1.43,20,1,1048.0,10.3,567598.0
2023,Riley Park,4.58,83,0,1048.0,10.3,3003000.0
2023,Riley Park,4.58,79,0,1048.0,10.3,3408000.0
2023,Riley Park,4.58,93,0,1048.0,10.3,2609000.0
2023,Riley Park,4.58,35,0,1048.0,10.3,3038000.0
2023,Riley Park,4.58,40,0,1048.0,10.3,3633000.0
2023,Riley Park,4.58,34,0,1048.0,10.3,2549000.0
2023,Riley Park,4.58,74,0,1048.0,10.3,2161000.0
2023,Riley Park,4.58,112,0,1048.0,10.3,3040000.0
2023,Downtown,1.43,33,1,1048.0,10.3,453000.0
2023,Downtown,1.43,25,1,1048.0,10.3,613000.0
2023,Downtown,1.43,23,1,1048.0,10.3,871000.0
2023,Downtown,1.43,23,1,1048.0,10.3,911000.0
2023,Downtown,1.43,21,1,1048.0,10.3,653000.0
2023,Downtown,1.43,18,1,1048.0,10.3,980000.0
2023,Downtown,1.43,33,1,1048.0,10.3,720000.0
2023,Downtown,1.43,21,1,1048.0,10.3,730000.0
2023,Downtown,1.43,24,1,1048.0,10.3,684000.0
2023,Downtown,1.43,21,1,1048.0,10.3,666000.0
2023,Downtown,1.43,28,1,1048.0,10.3,486000.0
2023,Downtown,1.43,25,1,1048.0,10.3,728000.0
2023,Kensington-Cedar Cottage,5.89,25,1,1048.0,10.3,1483000.0
2023,Kensington-Cedar Cottage,5.89,25,1,1048.0,10.3,1718000.0
2023,Kensington-Cedar Cottage,5.89,42,0,1048.0,10.3,1971500.0
2023,Kensington-Cedar Cottage,5.89,48,0,1048.0,10.3,1772900.0
2023,Kensington-Cedar Cottage,5.89,113,0,1048.0,10.3,1051800.0
2023,Kensington-Cedar Cottage,5.89,112,0,1048.0,10.3,1751400.0
2023,Downtown,1.43,20,1,1048.0,10.3,1007000.0
2023,Downtown,1.43,18,1,1048.0,10.3,834000.0
2023,Downtown,1.43,19,1,1048.0,10.3,660000.0
2023,Downtown,1.43,25,1,1048.0,10.3,602000.0
2023,Downtown,1.43,15,1,1048.0,10.3,565000.0
2023,Downtown,1.43,18,1,1048.0,10.3,705000.0
2023,Downtown,1.43,20,1,1048.0,10.3,1069000.0
2023,Downtown,1.43,18,1,1048.0,10.3,870000.0
2023,Downtown,1.43,21,1,1048.0,10.3,1292000.0
2023,Downtown,1.43,28,1,1048.0,10.3,608000.0
2023,Riley Park,4.58,31,0,1048.0,10.3,4100000.0
2023,Oakridge,5.77,7,1,1048.0,10.3,651000.0
2023,West End,0.57,2,1,1048.0,10.3,952000.0
2023,Downtown,1.43,14,1,1048.0,10.3,607000.0
2023,West Point Grey,1.05,17,1,1048.0,10.3,592000.0
2023,Downtown,1.43,6,1,1048.0,10.3,691000.0
2023,Downtown,1.43,25,1,1048.0,10.3,613000.0
2023,Downtown,1.43,28,1,1048.0,10.3,1265950.0
2023,Downtown,1.43,30,1,1048.0,10.3,1051000.0
2023,Downtown,1.43,30,1,1048.0,10.3,834000.0
2023,Downtown,1.43,26,1,1048.0,10.3,749000.0
2023,Downtown,1.43,26,1,1048.0,10.3,703000.0
2023,Kensington-Cedar Cottage,5.89,117,0,1048.0,10.3,2044000.0
2023,Kensington-Cedar Cottage,5.89,40,0,1048.0,10.3,2783000.0
2023,Kensington-Cedar Cottage,5.89,118,0,1048.0,10.3,2233900.0
2023,Kensington-Cedar Cottage,5.89,75,0,1048.0,10.3,1375100.0
2023,Kensington-Cedar Cottage,5.89,62,0,1048.0,10.3,2239000.0
2023,Kensington-Cedar Cottage,5.89,113,0,1048.0,10.3,3967900.0
2023,Kensington-Cedar Cottage,5.89,33,0,1048.0,10.3,2189000.0
2023,Kensington-Cedar Cottage,5.89,110,0,1048.0,10.3,1924000.0
2023,Kensington-Cedar Cottage,5.89,24,1,1048.0,10.3,436300.0
2023,Kensington-Cedar Cottage,5.89,118,0,1048.0,10.3,2181800.0
2023,Kensington-Cedar Cottage,5.89,24,1,1048.0,10.3,483000.0
2023,Downtown,1.43,24,1,1048.0,10.3,665400.0
2023,Downtown,1.43,29,1,1048.0,10.3,1037000.0
2023,Downtown,1.43,19,1,1048.0,10.3,3340000.0
2023,Downtown,1.43,20,1,1048.0,10.3,652000.0
2023,Downtown,1.43,111,1,1048.0,10.3,1669000.0
2023,Downtown,1.43,110,1,1048.0,10.3,846000.0
2023,Downtown,1.43,26,1,1048.0,10.3,988000.0
2023,Downtown,1.43,19,1,1048.0,10.3,511000.0
2023,Downtown,1.43,26,1,1048.0,10.3,1108000.0
2021,Hastings-Sunrise,6.96,8,0,1140.4,10.6,1784000.0
2021,Fairview,1.75,39,1,1140.4,10.6,847000.0
2021,Mount Pleasant,3.31,73,0,1140.4,10.6,2132000.0
2023,Kensington-Cedar Cottage,5.89,43,0,1048.0,10.3,1811000.0
2023,Downtown,1.43,26,1,1048.0,10.3,519400.0
2023,Downtown,1.43,19,1,1048.0,10.3,517000.0
2023,Downtown,1.43,26,1,1048.0,10.3,1192000.0
2023,Downtown,1.43,26,1,1048.0,10.3,1171000.0
2023,Downtown,1.43,30,1,1048.0,10.3,723000.0
2023,Downtown,1.43,19,1,1048.0,10.3,538000.0
2023,Downtown,1.43,41,1,1048.0,10.3,456000.0
2021,West End,0.57,109,1,1140.4,10.6,512500.0
2023,Kensington-Cedar Cottage,5.89,118,0,1048.0,10.3,2694000.0
2023,Kensington-Cedar Cottage,5.89,100,0,1048.0,10.3,2083600.0
2023,Kensington-Cedar Cottage,5.89,77,0,1048.0,10.3,1722000.0
2023,Kensington-Cedar Cottage,5.89,4,0,1048.0,10.3,3671000.0
2023,Kensington-Cedar Cottage,5.89,75,0,1048.0,10.3,2150000.0
2023,Kensington-Cedar Cottage,5.89,122,0,1048.0,10.3,2297000.0
2023,Kensington-Cedar Cottage,5.89,59,0,1048.0,10.3,2369700.0
2021,Killarney,10.0,16,1,1140.4,10.6,520000.0
2021,Sunset,7.52,79,0,1140.4,10.6,1688700.0
2021,West End,0.57,35,1,1140.4,10.6,444600.0
2021,West End,0.57,19,1,1140.4,10.6,827000.0
2021,West End,0.57,40,1,1140.4,10.6,976000.0
2023,Kensington-Cedar Cottage,5.89,96,0,1048.0,10.3,2232000.0
2023,Kensington-Cedar Cottage,5.89,111,0,1048.0,10.3,1486700.0
2023,Kensington-Cedar Cottage,5.89,96,0,1048.0,10.3,1838000.0
2023,Kensington-Cedar Cottage,5.89,24,0,1048.0,10.3,2178000.0
2023,Kensington-Cedar Cottage,5.89,34,0,1048.0,10.3,2142000.0
2023,Kensington-Cedar Cottage,5.89,70,0,1048.0,10.3,1990100.0
2023,Kensington-Cedar Cottage,5.89,53,0,1048.0,10.3,1740700.0
2023,Downtown,1.43,30,1,1048.0,10.3,1240000.0
2023,Downtown,1.43,30,1,1048.0,10.3,960000.0
2023,Downtown,1.43,19,1,1048.0,10.3,768000.0
2023,Downtown,1.43,41,1,1048.0,10.3,524200.0
2023,Downtown,1.43,41,1,1048.0,10.3,623000.0
2023,Downtown,1.43,30,1,1048.0,10.3,1171000.0
2023,Downtown,1.43,21,1,1048.0,10.3,819000.0
2023,Downtown,1.43,19,1,1048.0,10.3,1548000.0
2023,Downtown,1.43,25,1,1048.0,10.3,510000.0
2023,Downtown,1.43,28,1,1048.0,10.3,107500.0
2023,Downtown,1.43,29,1,1048.0,10.3,833000.0
2023,Downtown,1.43,24,1,1048.0,10.3,1689000.0
2023,Downtown,1.43,30,1,1048.0,10.3,39424.0
2023,Downtown,1.43,26,1,1048.0,10.3,1442000.0
2023,Downtown,1.43,26,1,1048.0,10.3,1451000.0
2023,Downtown,1.43,28,1,1048.0,10.3,1030000.0
2023,Mount Pleasant,3.31,14,1,1048.0,10.3,1857000.0
2023,Downtown,1.43,7,1,1048.0,10.3,454000.0
2023,Downtown,1.43,30,1,1048.0,10.3,1719000.0
2023,Downtown,1.43,18,1,1048.0,10.3,1405000.0
2023,Renfrew-Collingwood,7.85,2,1,1048.0,10.3,1130000.0
2023,Mount Pleasant,3.31,14,1,1048.0,10.3,674000.0
2023,Mount Pleasant,3.31,14,1,1048.0,10.3,893000.0
2023,Mount Pleasant,3.31,14,1,1048.0,10.3,957000.0
2023,Mount Pleasant,3.31,7,1,1048.0,10.3,751000.0
2023,Mount Pleasant,3.31,5,1,1048.0,10.3,586000.0
2023,Killarney,10.0,6,1,1048.0,10.3,798000.0
2023,Downtown,1.43,6,1,1048.0,10.3,630000.0
2023,Mount Pleasant,3.31,5,1,1048.0,10.3,582000.0
2023,Downtown,1.43,12,1,1048.0,10.3,660000.0
2023,Grandview-Woodland,5.05,8,1,1048.0,10.3,1198000.0
2023,West End,0.57,12,1,1048.0,10.3,1717000.0
2023,Grandview-Woodland,5.05,8,1,1048.0,10.3,599000.0
2023,Renfrew-Collingwood,7.85,17,1,1048.0,10.3,1200000.0
2023,Downtown,1.43,13,1,1048.0,10.3,2926000.0
2023,Mount Pleasant,3.31,10,1,1048.0,10.3,1185000.0
2023,Downtown,1.43,15,1,1048.0,10.3,787000.0
2023,Downtown,1.43,15,1,1048.0,10.3,1020000.0
2023,Renfrew-Collingwood,7.85,7,1,1048.0,10.3,574000.0
2023,Riley Park,4.58,6,1,1048.0,10.3,1397000.0
2023,Riley Park,4.58,6,1,1048.0,10.3,1691000.0
2023,Riley Park,4.58,6,1,1048.0,10.3,1292000.0
2023,Downtown,1.43,15,1,1048.0,10.3,751000.0
2023,Grandview-Woodland,5.05,4,1,1048.0,10.3,2271000.0
2023,Kensington-Cedar Cottage,5.89,45,1,1048.0,10.3,469700.0
2023,Kensington-Cedar Cottage,5.89,79,0,1048.0,10.3,1949500.0
2021,Killarney,10.0,15,0,1140.4,10.6,1918000.0
2023,Riley Park,4.58,109,0,1048.0,10.3,1994400.0
2023,Downtown,1.43,19,1,1048.0,10.3,920000.0
2023,Downtown,1.43,30,1,1048.0,10.3,938000.0
2023,Downtown,1.43,29,1,1048.0,10.3,1265000.0
2023,Downtown,1.43,28,1,1048.0,10.3,160700.0
2023,Downtown,1.43,26,1,1048.0,10.3,243800.0
2023,Downtown,1.43,34,1,1048.0,10.3,945000.0
2023,Downtown,1.43,13,1,1048.0,10.3,779000.0
2023,Downtown,1.43,6,1,1048.0,10.3,700000.0
2023,Mount Pleasant,3.31,2,1,1048.0,10.3,1708000.0
2023,Mount Pleasant,3.31,9,1,1048.0,10.3,1125000.0
2023,Mount Pleasant,3.31,10,1,1048.0,10.3,1257000.0
2023,Mount Pleasant,3.31,10,1,1048.0,10.3,791000.0
2023,Kitsilano,0.92,11,1,1048.0,10.3,1183000.0
2023,Mount Pleasant,3.31,16,1,1048.0,10.3,976000.0
2023,Downtown,1.43,17,1,1048.0,10.3,1876000.0
2023,Downtown,1.43,17,1,1048.0,10.3,1600000.0
2023,Downtown,1.43,17,1,1048.0,10.3,1918000.0
2023,Grandview-Woodland,5.05,15,1,1048.0,10.3,1286784.0
2021,Downtown,1.43,28,1,1140.4,10.6,39900.0
2023,Riley Park,4.58,72,0,1048.0,10.3,3905000.0
2023,Riley Park,4.58,73,0,1048.0,10.3,4124000.0
2023,Riley Park,4.58,25,0,1048.0,10.3,3216000.0
2023,Riley Park,4.58,77,0,1048.0,10.3,2918600.0
2023,Riley Park,4.58,18,0,1048.0,10.3,3758000.0
2023,Riley Park,4.58,34,0,1048.0,10.3,3741000.0
2023,Mount Pleasant,3.31,13,1,1048.0,10.3,485000.0
2023,Downtown,1.43,6,1,1048.0,10.3,751000.0
2023,West End,0.57,2,1,1048.0,10.3,1304000.0
2023,West End,0.57,2,1,1048.0,10.3,2690000.0
2023,Mount Pleasant,3.31,7,1,1048.0,10.3,1472000.0
2023,Killarney,10.0,3,1,1048.0,10.3,836000.0
2023,Riley Park,4.58,17,1,1048.0,10.3,651940.0
2023,Riley Park,4.58,17,1,1048.0,10.3,1185346.0
2023,Killarney,10.0,3,1,1048.0,10.3,806000.0
2023,Mount Pleasant,3.31,11,1,1048.0,10.3,785000.0
2023,Renfrew-Collingwood,7.85,13,0,1048.0,10.3,1922000.0
2023,Renfrew-Collingwood,7.85,18,1,1048.0,10.3,367000.0
2023,Renfrew-Collingwood,7.85,18,1,1048.0,10.3,590000.0
2023,Renfrew-Collingwood,7.85,18,1,1048.0,10.3,615000.0
2023,Fairview,1.75,29,1,1048.0,10.3,1068000.0
2023,Fairview,1.75,34,1,1048.0,10.3,581000.0
2023,Fairview,1.75,28,1,1048.0,10.3,1953000.0
2023,Fairview,1.75,23,1,1048.0,10.3,1758000.0
2023,Renfrew-Collingwood,7.85,69,0,1048.0,10.3,1536100.0
2023,Renfrew-Collingwood,7.85,38,0,1048.0,10.3,1579000.0
2023,Renfrew-Collingwood,7.85,24,0,1048.0,10.3,2157000.0
2023,Renfrew-Collingwood,7.85,23,0,1048.0,10.3,1713000.0
2023,Renfrew-Collingwood,7.85,19,0,1048.0,10.3,2071000.0
2023,Renfrew-Collingwood,7.85,67,0,1048.0,10.3,1840600.0
2023,Renfrew-Collingwood,7.85,58,0,1048.0,10.3,1523500.0
2023,Renfrew-Collingwood,7.85,53,0,1048.0,10.3,1746000.0
2023,Renfrew-Collingwood,7.85,25,1,1048.0,10.3,337000.0
2023,Kerrisdale,5.6,35,1,1048.0,10.3,2562000.0
2023,Kerrisdale,5.6,11,0,1048.0,10.3,4425000.0
2023,Kerrisdale,5.6,84,0,1048.0,10.3,3292000.0
2023,Kerrisdale,5.6,70,0,1048.0,10.3,2993600.0
2023,Kerrisdale,5.6,11,0,1048.0,10.3,4215000.0
2023,Killarney,10.0,18,1,1048.0,10.3,677000.0
2023,Killarney,10.0,33,1,1048.0,10.3,661058.0
2023,Killarney,10.0,55,0,1048.0,10.3,1837000.0
2023,Killarney,10.0,17,0,1048.0,10.3,2150000.0
2023,Killarney,10.0,18,1,1048.0,10.3,762000.0
2023,Killarney,10.0,18,1,1048.0,10.3,595000.0
2023,Killarney,10.0,44,1,1048.0,10.3,864000.0
2023,Killarney,10.0,59,0,1048.0,10.3,1887093.0
2023,Killarney,10.0,49,0,1048.0,10.3,1950121.0
2023,Killarney,10.0,95,1,1048.0,10.3,938702.0
2023,Killarney,10.0,40,0,1048.0,10.3,1970000.0
2023,Kensington-Cedar Cottage,5.89,14,0,1048.0,10.3,1977000.0
2023,Kensington-Cedar Cottage,5.89,107,0,1048.0,10.3,1851000.0
2023,Kensington-Cedar Cottage,5.89,62,1,1048.0,10.3,834580.0
2023,Kensington-Cedar Cottage,5.89,18,1,1048.0,10.3,717000.0
2023,Kensington-Cedar Cottage,5.89,111,0,1048.0,10.3,1658000.0
2023,Kensington-Cedar Cottage,5.89,72,0,1048.0,10.3,1607700.0
2023,Kensington-Cedar Cottage,5.89,64,0,1048.0,10.3,1744300.0
2023,Kensington-Cedar Cottage,5.89,83,0,1048.0,10.3,2649000.0
2023,Kensington-Cedar Cottage,5.89,65,0,1048.0,10.3,2134200.0
2023,Downtown,1.43,30,1,1048.0,10.3,39232.0
2023,Downtown,1.43,31,1,1048.0,10.3,1189000.0
2023,Downtown,1.43,26,1,1048.0,10.3,2125000.0
2023,Downtown,1.43,24,1,1048.0,10.3,1446000.0
2023,Downtown,1.43,30,1,1048.0,10.3,38874.0
2023,Downtown,1.43,18,1,1048.0,10.3,1309963.0
2023,Downtown,1.43,28,1,1048.0,10.3,931000.0
2023,Downtown,1.43,21,1,1048.0,10.3,1455000.0
2023,Downtown,1.43,30,1,1048.0,10.3,38928.0
2023,Downtown,1.43,23,1,1048.0,10.3,918000.0
2023,Downtown,1.43,26,1,1048.0,10.3,757000.0
2023,Downtown,1.43,27,1,1048.0,10.3,1033000.0
2023,Downtown,1.43,23,1,1048.0,10.3,1636000.0
2023,Downtown,1.43,23,1,1048.0,10.3,1061000.0
2023,Downtown,1.43,18,1,1048.0,10.3,583000.0
2023,Downtown,1.43,26,1,1048.0,10.3,1401000.0
2023,Downtown,1.43,19,1,1048.0,10.3,1145000.0
2023,Downtown,1.43,18,1,1048.0,10.3,626000.0
2023,Downtown,1.43,20,1,1048.0,10.3,561600.0
2023,Downtown,1.43,26,1,1048.0,10.3,1231000.0
2023,Downtown,1.43,18,1,1048.0,10.3,575000.0
2023,Downtown,1.43,23,1,1048.0,10.3,968000.0
2023,Downtown,1.43,26,1,1048.0,10.3,1167000.0
2023,Downtown,1.43,18,1,1048.0,10.3,622000.0
2023,Downtown,1.43,31,1,1048.0,10.3,996000.0
2023,Downtown,1.43,23,1,1048.0,10.3,1008000.0
2023,Downtown,1.43,23,1,1048.0,10.3,2331000.0
2023,Mount Pleasant,3.31,111,0,1048.0,10.3,1675900.0
2023,Mount Pleasant,3.31,15,0,1048.0,10.3,1954000.0
2023,Mount Pleasant,3.31,111,0,1048.0,10.3,2521000.0
2023,Mount Pleasant,3.31,111,0,1048.0,10.3,2908000.0
2023,Mount Pleasant,3.31,111,0,1048.0,10.3,2214000.0
2023,Mount Pleasant,3.31,18,1,1048.0,10.3,1579000.0
2023,Downtown,1.43,18,1,1048.0,10.3,629000.0
2023,Downtown,1.43,27,1,1048.0,10.3,911000.0
2023,Downtown,1.43,27,1,1048.0,10.3,898000.0
2023,Downtown,1.43,29,1,1048.0,10.3,792000.0
2023,Downtown,1.43,24,1,1048.0,10.3,1021000.0
2023,Downtown,1.43,24,1,1048.0,10.3,1072000.0
2023,Downtown,1.43,30,1,1048.0,10.3,38819.0
2023,Downtown,1.43,26,1,1048.0,10.3,1116000.0
2023,Downtown,1.43,29,1,1048.0,10.3,1453000.0
2023,Downtown,1.43,24,1,1048.0,10.3,1340000.0
2023,Downtown,1.43,27,1,1048.0,10.3,1248000.0
2023,Downtown,1.43,18,1,1048.0,10.3,732000.0
2023,Downtown,1.43,31,1,1048.0,10.3,933000.0
2023,Mount Pleasant,3.31,7,1,1048.0,10.3,667000.0
2023,Downtown,1.43,15,1,1048.0,10.3,1235000.0
2023,Downtown,1.43,30,1,1048.0,10.3,1601000.0
2023,Kitsilano,0.92,8,1,1048.0,10.3,1808000.0
2023,Kensington-Cedar Cottage,5.89,3,1,1048.0,10.3,1458000.0
2023,Downtown,1.43,30,1,1048.0,10.3,1564000.0
2023,Mount Pleasant,3.31,5,1,1048.0,10.3,844000.0
2023,Mount Pleasant,3.31,7,1,1048.0,10.3,770000.0
2023,Downtown,1.43,16,1,1048.0,10.3,1547000.0
2023,Downtown,1.43,16,1,1048.0,10.3,2393000.0
2023,Downtown,1.43,16,1,1048.0,10.3,957000.0
2023,Downtown,1.43,16,1,1048.0,10.3,1169000.0
2023,Downtown,1.43,30,1,1048.0,10.3,2237000.0
2023,Downtown,1.43,7,1,1048.0,10.3,458000.0
2023,Kensington-Cedar Cottage,5.89,5,0,1048.0,10.3,2945000.0
2023,Downtown,1.43,30,1,1048.0,10.3,1440000.0
2023,Kensington-Cedar Cottage,5.89,4,1,1048.0,10.3,1676000.0
2023,Downtown,1.43,16,1,1048.0,10.3,909000.0
2023,Downtown,1.43,16,1,1048.0,10.3,902000.0
2023,Downtown,1.43,18,1,1048.0,10.3,1453000.0
2023,Downtown,1.43,18,1,1048.0,10.3,1825000.0
2023,Mount Pleasant,3.31,11,1,1048.0,10.3,667000.0
2023,Dunbar-Southlands,3.76,8,1,1048.0,10.3,1187000.0
2023,Mount Pleasant,3.31,14,1,1048.0,10.3,992000.0
2023,Downtown,1.43,16,1,1048.0,10.3,653000.0
2023,Downtown,1.43,32,1,1048.0,10.3,1182000.0
2023,Downtown,1.43,30,1,1048.0,10.3,1355000.0
2023,Renfrew-Collingwood,7.85,2,1,1048.0,10.3,844000.0
2023,Dunbar-Southlands,3.76,8,1,1048.0,10.3,1034000.0
2023,Fairview,1.75,16,1,1048.0,10.3,1096000.0
2023,Downtown,1.43,32,1,1048.0,10.3,881000.0
2023,Renfrew-Collingwood,7.85,2,1,1048.0,10.3,813000.0
2023,Downtown,1.43,32,1,1048.0,10.3,1658000.0
2023,Downtown,1.43,18,1,1048.0,10.3,2286000.0
2023,Mount Pleasant,3.31,7,1,1048.0,10.3,711000.0
2023,Grandview-Woodland,5.05,16,1,1048.0,10.3,1170529.0
2023,Downtown,1.43,16,1,1048.0,10.3,1920000.0
2023,Downtown,1.43,30,1,1048.0,10.3,1249000.0
2023,Downtown,1.43,18,1,1048.0,10.3,879000.0
2023,Kensington-Cedar Cottage,5.89,12,1,1048.0,10.3,822000.0
2023,Kensington-Cedar Cottage,5.89,12,1,1048.0,10.3,757000.0
2023,Downtown,1.43,15,1,1048.0,10.3,689000.0
2023,Downtown,1.43,15,1,1048.0,10.3,944000.0
2023,Downtown,1.43,32,1,1048.0,10.3,1194000.0
2023,Renfrew-Collingwood,7.85,2,1,1048.0,10.3,657000.0
2023,Mount Pleasant,3.31,11,1,1048.0,10.3,540000.0
2023,Downtown,1.43,16,1,1048.0,10.3,909000.0
2023,Arbutus Ridge,3.05,14,1,1048.0,10.3,3134000.0
2023,Marpole,7.34,4,1,1048.0,10.3,1040000.0
2023,Riley Park,4.58,7,1,1048.0,10.3,1855000.0
2023,Downtown,1.43,14,1,1048.0,10.3,1005000.0
2023,Mount Pleasant,3.31,5,1,1048.0,10.3,875000.0
2023,Downtown,1.43,7,1,1048.0,10.3,2813000.0
2023,Kensington-Cedar Cottage,5.89,9,0,1048.0,10.3,2468000.0
2023,Kensington-Cedar Cottage,5.89,44,0,1048.0,10.3,1734000.0
2023,Kensington-Cedar Cottage,5.89,3,0,1048.0,10.3,3006000.0
2023,Kensington-Cedar Cottage,5.89,28,1,1048.0,10.3,698000.0
2023,Kensington-Cedar Cottage,5.89,12,0,1048.0,10.3,2399000.0
2023,Kensington-Cedar Cottage,5.89,30,0,1048.0,10.3,2053000.0
2023,Kensington-Cedar Cottage,5.89,78,0,1048.0,10.3,1349300.0
2023,Downtown,1.43,14,1,1048.0,10.3,981000.0
2023,Hastings-Sunrise,6.96,4,1,1048.0,10.3,984000.0
2023,Hastings-Sunrise,6.96,4,1,1048.0,10.3,698000.0
2023,Marpole,7.34,4,1,1048.0,10.3,656000.0
2023,Downtown,1.43,13,1,1048.0,10.3,3407000.0
2023,Marpole,7.34,4,1,1048.0,10.3,629000.0
2023,Downtown,1.43,14,1,1048.0,10.3,1355134.0
2023,Renfrew-Collingwood,7.85,14,1,1048.0,10.3,588000.0
2023,Hastings-Sunrise,6.96,4,1,1048.0,10.3,684000.0
2023,Marpole,7.34,3,1,1048.0,10.3,737000.0
2023,Mount Pleasant,3.31,5,1,1048.0,10.3,893000.0
2023,Mount Pleasant,3.31,2,1,1048.0,10.3,642000.0
2023,Downtown,1.43,14,1,1048.0,10.3,676000.0
2023,Downtown,1.43,5,1,1048.0,10.3,2084000.0
2023,Mount Pleasant,3.31,2,1,1048.0,10.3,638000.0
2023,Kerrisdale,5.6,4,1,1048.0,10.3,1390000.0
2023,Fairview,1.75,9,1,1048.0,10.3,514256.0
2023,Grandview-Woodland,5.05,18,1,1048.0,10.3,1288000.0
2023,Grandview-Woodland,5.05,18,1,1048.0,10.3,1504000.0
2023,Downtown,1.43,7,1,1048.0,10.3,2101000.0
2023,Mount Pleasant,3.31,2,1,1048.0,10.3,613000.0
2023,Killarney,10.0,5,1,1048.0,10.3,681000.0
2023,Downtown,1.43,11,1,1048.0,10.3,1033000.0
2023,Marpole,7.34,4,1,1048.0,10.3,1028000.0
2023,Kensington-Cedar Cottage,5.89,15,1,1048.0,10.3,874192.0
2023,Downtown,1.43,17,1,1048.0,10.3,578000.0
2023,Downtown,1.43,17,1,1048.0,10.3,602000.0
2023,Riley Park,4.58,4,1,1048.0,10.3,1204000.0
2023,Riley Park,4.58,4,1,1048.0,10.3,1182000.0
2023,Fairview,1.75,17,1,1048.0,10.3,2589000.0
2023,Kensington-Cedar Cottage,5.89,17,0,1048.0,10.3,1863000.0
2023,Kitsilano,0.92,17,1,1048.0,10.3,1485000.0
2023,Downtown,1.43,12,1,1048.0,10.3,643000.0
2023,Mount Pleasant,3.31,17,1,1048.0,10.3,1255000.0
2021,Downtown,1.43,15,1,1140.4,10.6,580000.0
2023,Kensington-Cedar Cottage,5.89,94,0,1048.0,10.3,1341800.0
2023,Downtown,1.43,17,1,1048.0,10.3,740000.0
2023,Downtown,1.43,17,1,1048.0,10.3,743000.0
2023,Downtown,1.43,12,1,1048.0,10.3,712000.0
2023,Fairview,1.75,8,1,1048.0,10.3,768000.0
2023,Kitsilano,0.92,9,1,1048.0,10.3,828000.0
2023,Downtown,1.43,17,1,1048.0,10.3,1751000.0
2023,Fairview,1.75,15,1,1048.0,10.3,1486000.0
2023,West Point Grey,1.05,15,1,1048.0,10.3,1141000.0
2023,Renfrew-Collingwood,7.85,7,1,1048.0,10.3,532000.0
2023,Downtown,1.43,18,1,1048.0,10.3,696000.0
2021,Renfrew-Collingwood,7.85,57,0,1140.4,10.6,1318300.0
2023,Downtown,1.43,3,1,1048.0,10.3,804000.0
2023,Downtown,1.43,12,1,1048.0,10.3,688000.0
2023,Downtown,1.43,12,1,1048.0,10.3,1047000.0
2023,Downtown,1.43,12,1,1048.0,10.3,1042000.0
2023,Downtown,1.43,17,1,1048.0,10.3,653000.0
2023,Marpole,7.34,4,1,1048.0,10.3,1772000.0
2023,Mount Pleasant,3.31,5,1,1048.0,10.3,1240000.0
2023,Mount Pleasant,3.31,5,1,1048.0,10.3,1249000.0
2023,Renfrew-Collingwood,7.85,7,1,1048.0,10.3,1085000.0
2023,West End,0.57,16,1,1048.0,10.3,1371000.0
2023,West End,0.57,16,1,1048.0,10.3,1439000.0
2023,Downtown,1.43,17,1,1048.0,10.3,772000.0
2023,Downtown,1.43,13,1,1048.0,10.3,851000.0
2023,Downtown,1.43,7,1,1048.0,10.3,705000.0
2023,Downtown,1.43,13,1,1048.0,10.3,1022000.0
2023,Mount Pleasant,3.31,5,1,1048.0,10.3,2771000.0
2023,Killarney,10.0,15,1,1048.0,10.3,1800000.0
2023,Downtown,1.43,8,1,1048.0,10.3,363000.0
2023,Riley Park,4.58,16,1,1048.0,10.3,1654000.0
2023,Mount Pleasant,3.31,6,1,1048.0,10.3,735000.0
2023,Hastings-Sunrise,6.96,93,0,1048.0,10.3,2175000.0
2023,Mount Pleasant,3.31,6,1,1048.0,10.3,2534000.0
2023,Kensington-Cedar Cottage,5.89,7,1,1048.0,10.3,432500.0
2023,Killarney,10.0,5,1,1048.0,10.3,583000.0
2023,Kensington-Cedar Cottage,5.89,3,1,1048.0,10.3,1981000.0
2023,Mount Pleasant,3.31,7,1,1048.0,10.3,654000.0
2023,Mount Pleasant,3.31,7,1,1048.0,10.3,2437000.0
2023,Kitsilano,0.92,10,1,1048.0,10.3,690000.0
2023,Kitsilano,0.92,10,1,1048.0,10.3,1196456.0
2023,Riley Park,4.58,9,1,1048.0,10.3,1008000.0
2021,Victoria-Fraserview,8.47,44,0,1140.4,10.6,1317100.0
2021,Arbutus Ridge,3.05,85,0,1140.4,10.6,2552000.0
2021,Renfrew-Collingwood,7.85,73,0,1140.4,10.6,1148800.0
2021,Kensington-Cedar Cottage,5.89,24,1,1140.4,10.6,514000.0
2021,Kensington-Cedar Cottage,5.89,33,1,1140.4,10.6,827000.0
2021,Kensington-Cedar Cottage,5.89,37,0,1140.4,10.6,1607000.0
2023,Kensington-Cedar Cottage,5.89,29,1,1048.0,10.3,571000.0
2023,Kensington-Cedar Cottage,5.89,53,0,1048.0,10.3,1785900.0
2023,Kensington-Cedar Cottage,5.89,76,0,1048.0,10.3,3128000.0
2023,Kensington-Cedar Cottage,5.89,4,0,1048.0,10.3,3773000.0
2023,Kensington-Cedar Cottage,5.89,77,0,1048.0,10.3,2411700.0
2023,Sunset,7.52,2,1,1048.0,10.3,550000.0
2023,Downtown,1.43,14,1,1048.0,10.3,981000.0
2023,Sunset,7.52,2,1,1048.0,10.3,551000.0
2023,Sunset,7.52,2,1,1048.0,10.3,871000.0
2023,Downtown,1.43,14,1,1048.0,10.3,644000.0
2023,Sunset,7.52,2,1,1048.0,10.3,624000.0
2023,Sunset,7.52,2,1,1048.0,10.3,852000.0
2023,Kerrisdale,5.6,2,1,1048.0,10.3,1879000.0
2023,Kensington-Cedar Cottage,5.89,13,1,1048.0,10.3,801000.0
2023,Downtown,1.43,14,1,1048.0,10.3,1331000.0
2023,Downtown,1.43,10,1,1048.0,10.3,568000.0
2023,Downtown,1.43,14,1,1048.0,10.3,692000.0
2023,Downtown,1.43,14,1,1048.0,10.3,769000.0
2023,Mount Pleasant,3.31,11,1,1048.0,10.3,700000.0
2023,Mount Pleasant,3.31,11,1,1048.0,10.3,783000.0
2023,Downtown,1.43,14,1,1048.0,10.3,631000.0
2023,Downtown,1.43,10,1,1048.0,10.3,986000.0
2023,Mount Pleasant,3.31,11,1,1048.0,10.3,773000.0
2023,West End,0.57,10,1,1048.0,10.3,1941000.0
2023,West End,0.57,10,1,1048.0,10.3,1904000.0
2023,Downtown,1.43,14,1,1048.0,10.3,678000.0
2023,Kensington-Cedar Cottage,5.89,10,1,1048.0,10.3,666000.0
2023,Grandview-Woodland,5.05,15,1,1048.0,10.3,1283364.0
2023,Grandview-Woodland,5.05,18,0,1048.0,10.3,2223000.0
2023,Kensington-Cedar Cottage,5.89,111,0,1048.0,10.3,1910650.0
2023,Kensington-Cedar Cottage,5.89,13,0,1048.0,10.3,2416000.0
2023,Downtown,1.43,16,1,1048.0,10.3,762000.0
2023,Mount Pleasant,3.31,4,1,1048.0,10.3,632000.0
2023,Downtown,1.43,16,1,1048.0,10.3,640000.0
2023,Fairview,1.75,14,1,1048.0,10.3,800000.0
2023,Downtown,1.43,15,1,1048.0,10.3,841000.0
2023,Fairview,1.75,14,1,1048.0,10.3,1062000.0
2023,Fairview,1.75,14,1,1048.0,10.3,774000.0
2023,Fairview,1.75,14,1,1048.0,10.3,912000.0
2023,Downtown,1.43,14,1,1048.0,10.3,665985.0
2023,Mount Pleasant,3.31,15,1,1048.0,10.3,648000.0
2023,Downtown,1.43,16,1,1048.0,10.3,677000.0
2023,Marpole,7.34,15,1,1048.0,10.3,1415000.0
2023,Downtown,1.43,16,1,1048.0,10.3,1168000.0
2023,Downtown,1.43,16,1,1048.0,10.3,804000.0
2023,Downtown,1.43,16,1,1048.0,10.3,948000.0
2023,Downtown,1.43,7,1,1048.0,10.3,655000.0
2023,Riley Park,4.58,4,1,1048.0,10.3,757000.0
2023,Riley Park,4.58,4,1,1048.0,10.3,898000.0
2023,Downtown,1.43,16,1,1048.0,10.3,924000.0
2023,Downtown,1.43,15,1,1048.0,10.3,1090000.0
2023,Downtown,1.43,15,1,1048.0,10.3,1133000.0
2023,Mount Pleasant,3.31,12,1,1048.0,10.3,1271000.0
2023,Mount Pleasant,3.31,12,1,1048.0,10.3,946000.0
2023,Kensington-Cedar Cottage,5.89,113,0,1048.0,10.3,1573000.0
2023,Downtown,1.43,14,1,1048.0,10.3,623000.0
2023,Downtown,1.43,14,1,1048.0,10.3,770000.0
2023,Downtown,1.43,15,1,1048.0,10.3,686000.0
2023,Mount Pleasant,3.31,4,1,1048.0,10.3,1241000.0
2023,Mount Pleasant,3.31,4,1,1048.0,10.3,1205000.0
2023,Grandview-Woodland,5.05,5,1,1048.0,10.3,1820000.0
2023,Downtown,1.43,16,1,1048.0,10.3,925000.0
2021,West End,0.57,29,1,1140.4,10.6,1239000.0
2023,Kensington-Cedar Cottage,5.89,111,0,1048.0,10.3,1755100.0
2023,Kensington-Cedar Cottage,5.89,110,0,1048.0,10.3,1893000.0
2023,Kensington-Cedar Cottage,5.89,56,0,1048.0,10.3,1993000.0
2023,Kensington-Cedar Cottage,5.89,113,0,1048.0,10.3,1603900.0
2023,Killarney,10.0,8,1,1048.0,10.3,895848.0
2023,Kensington-Cedar Cottage,5.89,12,1,1048.0,10.3,1547000.0
2023,Downtown,1.43,16,1,1048.0,10.3,797000.0
2023,Downtown,1.43,16,1,1048.0,10.3,765000.0
2023,Downtown,1.43,16,1,1048.0,10.3,813000.0
2023,Kensington-Cedar Cottage,5.89,9,0,1048.0,10.3,2616000.0
2023,Downtown,1.43,9,1,1048.0,10.3,886000.0
2023,Renfrew-Collingwood,7.85,7,1,1048.0,10.3,524000.0
2023,Kensington-Cedar Cottage,5.89,12,1,1048.0,10.3,850000.0
2023,Grandview-Woodland,5.05,8,1,1048.0,10.3,1154000.0
2023,Killarney,10.0,11,1,1048.0,10.3,1206310.0
2023,Mount Pleasant,3.31,10,1,1048.0,10.3,818344.0
2023,Mount Pleasant,3.31,10,1,1048.0,10.3,1119240.0
2023,Grandview-Woodland,5.05,9,1,1048.0,10.3,1602000.0
2023,Downtown,1.43,8,1,1048.0,10.3,525000.0
2023,Kensington-Cedar Cottage,5.89,8,1,1048.0,10.3,742000.0
2023,Riley Park,4.58,2,1,1048.0,10.3,642000.0
2023,Fairview,1.75,11,1,1048.0,10.3,1358000.0
2023,Fairview,1.75,11,1,1048.0,10.3,1268000.0
2023,Downtown,1.43,11,1,1048.0,10.3,767000.0
2023,Downtown,1.43,11,1,1048.0,10.3,922000.0
2023,Kensington-Cedar Cottage,5.89,6,1,1048.0,10.3,872000.0
2023,Downtown,1.43,11,1,1048.0,10.3,957000.0
2023,Downtown,1.43,11,1,1048.0,10.3,719000.0
2023,Mount Pleasant,3.31,9,1,1048.0,10.3,788000.0
2023,Kensington-Cedar Cottage,5.89,70,0,1048.0,10.3,1367700.0
2023,Kensington-Cedar Cottage,5.89,111,0,1048.0,10.3,1760800.0
2023,Kensington-Cedar Cottage,5.89,7,0,1048.0,10.3,2308000.0
2023,Kensington-Cedar Cottage,5.89,15,0,1048.0,10.3,2368000.0
2023,Kensington-Cedar Cottage,5.89,92,0,1048.0,10.3,2005000.0
2023,Downtown,1.43,4,1,1048.0,10.3,692000.0
2023,Renfrew-Collingwood,7.85,5,1,1048.0,10.3,880000.0
2023,Mount Pleasant,3.31,16,1,1048.0,10.3,778000.0
2023,Mount Pleasant,3.31,16,1,1048.0,10.3,925000.0
2023,Downtown,1.43,16,1,1048.0,10.3,758000.0
2023,Downtown,1.43,4,1,1048.0,10.3,673000.0
2023,Downtown,1.43,4,1,1048.0,10.3,843000.0
2023,Mount Pleasant,3.31,9,0,1048.0,10.3,4358000.0
2023,Downtown,1.43,16,1,1048.0,10.3,854000.0
2023,Downtown,1.43,16,1,1048.0,10.3,871000.0
2023,Downtown,1.43,16,1,1048.0,10.3,987000.0
2023,Downtown,1.43,16,1,1048.0,10.3,614000.0
2023,Renfrew-Collingwood,7.85,5,1,1048.0,10.3,543000.0
2023,Renfrew-Collingwood,7.85,5,1,1048.0,10.3,881000.0
2023,West Point Grey,1.05,30,0,1048.0,10.3,3966000.0
2023,Mount Pleasant,3.31,9,1,1048.0,10.3,1063000.0
2023,Downtown,1.43,9,1,1048.0,10.3,1580000.0
2023,Renfrew-Collingwood,7.85,5,1,1048.0,10.3,564000.0
2023,Renfrew-Collingwood,7.85,9,1,1048.0,10.3,485000.0
2023,Downtown,1.43,13,1,1048.0,10.3,1049000.0
2023,Downtown,1.43,13,1,1048.0,10.3,1120000.0
2023,Mount Pleasant,3.31,10,1,1048.0,10.3,1627000.0
2023,Grandview-Woodland,5.05,9,1,1048.0,10.3,722738.0
2023,Fairview,1.75,10,1,1048.0,10.3,814000.0
2023,Fairview,1.75,10,1,1048.0,10.3,1268000.0
2023,Riley Park,4.58,5,1,1048.0,10.3,966000.0
2023,Riley Park,4.58,5,1,1048.0,10.3,1459000.0
2023,Kitsilano,0.92,13,1,1048.0,10.3,2454000.0
2023,Renfrew-Collingwood,7.85,9,1,1048.0,10.3,537400.0
2023,Fairview,1.75,10,1,1048.0,10.3,658000.0
2023,Downtown,1.43,12,1,1048.0,10.3,3406000.0
2023,Downtown,1.43,12,1,1048.0,10.3,1473274.0
2023,Killarney,10.0,4,1,1048.0,10.3,592000.0
2023,Downtown,1.43,12,1,1048.0,10.3,1000000.0
2023,Mount Pleasant,3.31,3,1,1048.0,10.3,1246000.0
2021,Dunbar-Southlands,3.76,106,0,1140.4,10.6,2347000.0
2021,West End,0.57,38,1,1140.4,10.6,648000.0
2023,Grandview-Woodland,5.05,101,0,1048.0,10.3,1764700.0
2023,Grandview-Woodland,5.05,48,1,1048.0,10.3,770700.0
2023,Grandview-Woodland,5.05,48,1,1048.0,10.3,581600.0
2023,Grandview-Woodland,5.05,66,0,1048.0,10.3,2167900.0
2023,Grandview-Woodland,5.05,49,1,1048.0,10.3,685200.0
2023,Grandview-Woodland,5.05,42,1,1048.0,10.3,382000.0
2023,Grandview-Woodland,5.05,40,1,1048.0,10.3,446800.0
2023,Grandview-Woodland,5.05,35,1,1048.0,10.3,504900.0
2023,Grandview-Woodland,5.05,35,1,1048.0,10.3,588000.0
2023,Mount Pleasant,3.31,9,1,1048.0,10.3,803000.0
2023,Mount Pleasant,3.31,9,1,1048.0,10.3,799000.0
2023,Mount Pleasant,3.31,9,1,1048.0,10.3,741000.0
2023,Fairview,1.75,16,1,1048.0,10.3,592000.0
2023,Mount Pleasant,3.31,9,1,1048.0,10.3,810000.0
2023,Mount Pleasant,3.31,9,1,1048.0,10.3,943000.0
2023,Riley Park,4.58,2,1,1048.0,10.3,1238000.0
2023,Riley Park,4.58,2,1,1048.0,10.3,1710000.0
2023,Downtown,1.43,13,1,1048.0,10.3,958000.0
2023,Kitsilano,0.92,13,1,1048.0,10.3,908000.0
2023,Oakridge,5.77,2,1,1048.0,10.3,862000.0
2023,Oakridge,5.77,2,1,1048.0,10.3,1294000.0
2023,Downtown,1.43,13,1,1048.0,10.3,1098000.0
2023,Downtown,1.43,13,1,1048.0,10.3,632000.0
2023,Downtown,1.43,13,1,1048.0,10.3,606000.0
2023,Downtown,1.43,13,1,1048.0,10.3,588000.0
2023,Mount Pleasant,3.31,12,1,1048.0,10.3,822000.0
2023,Mount Pleasant,3.31,3,1,1048.0,10.3,1494000.0
2023,Mount Pleasant,3.31,12,1,1048.0,10.3,917000.0
2023,Kensington-Cedar Cottage,5.89,29,1,1048.0,10.3,624000.0
2023,Kensington-Cedar Cottage,5.89,79,0,1048.0,10.3,1946800.0
2023,Kensington-Cedar Cottage,5.89,43,0,1048.0,10.3,2138000.0
2023,Kensington-Cedar Cottage,5.89,48,0,1048.0,10.3,2046700.0
2023,Kensington-Cedar Cottage,5.89,79,0,1048.0,10.3,2160300.0
2023,Mount Pleasant,3.31,11,1,1048.0,10.3,1189000.0
2023,Mount Pleasant,3.31,11,1,1048.0,10.3,808000.0
2023,Mount Pleasant,3.31,11,1,1048.0,10.3,869000.0
2023,Downtown,1.43,7,1,1048.0,10.3,1151000.0
2023,Downtown,1.43,7,1,1048.0,10.3,653000.0
2021,Marpole,7.34,28,0,1140.4,10.6,1940000.0
2023,Kensington-Cedar Cottage,5.89,36,0,1048.0,10.3,2628000.0
2023,Downtown,1.43,7,1,1048.0,10.3,718000.0
2023,Downtown,1.43,7,1,1048.0,10.3,669000.0
2023,Downtown,1.43,7,1,1048.0,10.3,683000.0
2023,Downtown,1.43,7,1,1048.0,10.3,649000.0
2023,Downtown,1.43,7,1,1048.0,10.3,739000.0
2023,Downtown,1.43,7,1,1048.0,10.3,1229000.0
2023,Downtown,1.43,7,1,1048.0,10.3,654000.0
2023,Killarney,10.0,8,1,1048.0,10.3,811000.0
2023,Downtown,1.43,15,1,1048.0,10.3,831000.0
2023,Mount Pleasant,3.31,6,1,1048.0,10.3,1360000.0
2023,Sunset,7.52,27,1,1048.0,10.3,1425000.0
2023,Sunset,7.52,58,0,1048.0,10.3,1510700.0
2023,Sunset,7.52,32,1,1048.0,10.3,462100.0
2023,Kensington-Cedar Cottage,5.89,115,0,1048.0,10.3,2157000.0
2023,Kensington-Cedar Cottage,5.89,79,0,1048.0,10.3,2161900.0
2023,Kensington-Cedar Cottage,5.89,35,0,1048.0,10.3,2121000.0
2023,Kitsilano,0.92,24,1,1048.0,10.3,931000.0
2023,Kitsilano,0.92,34,1,1048.0,10.3,587000.0
2023,Kitsilano,0.92,43,1,1048.0,10.3,458100.0
2023,Kitsilano,0.92,34,1,1048.0,10.3,725000.0
2023,Kitsilano,0.92,34,1,1048.0,10.3,747000.0
2023,Kitsilano,0.92,23,1,1048.0,10.3,880000.0
2023,Kitsilano,0.92,23,1,1048.0,10.3,610600.0
2023,Kitsilano,0.92,34,1,1048.0,10.3,993000.0
2023,Kitsilano,0.92,71,0,1048.0,10.3,2379000.0
2023,Kitsilano,0.92,34,1,1048.0,10.3,1614000.0
2023,Kitsilano,0.92,41,1,1048.0,10.3,396000.0
2023,Kitsilano,0.92,67,1,1048.0,10.3,928331.0
2023,Kitsilano,0.92,67,1,1048.0,10.3,1037519.0
2023,Kitsilano,0.92,22,1,1048.0,10.3,1581000.0
2023,Kitsilano,0.92,113,1,1048.0,10.3,1038300.0
2023,Kitsilano,0.92,99,1,1048.0,10.3,1227500.0
2023,Kitsilano,0.92,18,1,1048.0,10.3,1623000.0
2023,Kitsilano,0.92,83,0,1048.0,10.3,2623400.0
2023,Kitsilano,0.92,92,0,1048.0,10.3,2469000.0
2023,Dunbar-Southlands,3.76,94,0,1048.0,10.3,2746000.0
2023,Arbutus Ridge,3.05,29,0,1048.0,10.3,2701000.0
2023,Arbutus Ridge,3.05,34,0,1048.0,10.3,3108000.0
2023,Arbutus Ridge,3.05,35,0,1048.0,10.3,2833000.0
2023,Arbutus Ridge,3.05,18,1,1048.0,10.3,1077000.0
2023,Arbutus Ridge,3.05,36,0,1048.0,10.3,3502000.0
2023,Arbutus Ridge,3.05,18,1,1048.0,10.3,974000.0
2023,Arbutus Ridge,3.05,70,0,1048.0,10.3,3680000.0
2021,Hastings-Sunrise,6.96,112,0,1140.4,10.6,1215100.0
2021,Renfrew-Collingwood,7.85,68,0,1140.4,10.6,1286400.0
2021,Renfrew-Collingwood,7.85,26,0,1140.4,10.6,1322000.0
2021,Kitsilano,0.92,54,1,1140.4,10.6,418700.0
2023,Kensington-Cedar Cottage,5.89,27,0,1048.0,10.3,1990000.0
2023,Kensington-Cedar Cottage,5.89,18,1,1048.0,10.3,1283000.0
2023,Sunset,7.52,74,0,1048.0,10.3,1491028.0
2023,Sunset,7.52,11,0,1048.0,10.3,2069000.0
